代码,名称,多因子等级,多因子评分,推荐等级,推荐评分,信号确认分,总市值(亿),流通市值(亿),PE(TTM),市净率,换手率%,筹码平均成本,筹码集中度%,90%成本区间宽度%,现价相对筹码成本%,筹码集中度分,成本贴合分,估值分,换手率分,市值分,估值日期,数据截至,最新收盘,前低日期,前低价,本次低日期,本次低价,DIF抬高,MACD柱抬高,当前DIF,当前DEA,当前MACD柱,站上MA20,站上MA60,距背离低点%,近5日/20日均量,最新成交额(亿),强度分位,原综合分
603075,热威科技股份,A,91.21,A,98.63,6,81.08,8.54,24.87713184,3.96303021,11.186319422142441,22.05916016916641,59.475352021016114,34.897798385391,-7.113417542340228,90.2,67.1,92.6,73.3,100.0,2026-09-24,2026-09-23,20.49,2026-07-09,20.94,2026-09-16,19.04,0.5493413325479821,0.1051252662059035,0.1244932338524513,0.0559358192226545,0.1371148292595935,True,True,7.615546218487392,0.9292244435078184,0.97,0.98,205.82587803183935
603356,华菱精工,A,85.01,A,93.36,5,22.81,22.81,-16.52279383,8.34584702,3.559547022648867,17.065766213860158,60.42532616310595,40.52404015446506,1.8413107398871587,90.6,100.0,20.0,99.8,74.3,2026-09-24,2026-09-23,17.38,2026-06-08,17.08,2026-09-04,16.51,0.4831062649314148,0.3240224118373088,0.172130678539613,0.1740359861373706,-0.0038106151955151,True,True,5.269533615990293,1.1391459089775506,0.82,0.977,199.4535127802155
000809,和展能源,A,82.18,A,89.18,4,28.54,28.54,-167.9245146,1.07140332,5.184269082724179,3.6499094189909997,69.07603281913805,30.49623683356195,-5.203126905091782,94.9,82.4,20.0,94.1,81.6,2026-09-24,2026-09-24,3.46,2026-06-10,3.64,2026-09-07,3.33,0.0304735438738634,0.0819310665294573,0.0205524171566926,0.0294647647388792,-0.0178246951643732,True,True,3.9039039039039007,1.4968570666524272,1.48,0.988,252.79030224270747
603897,长城科技,A,80.53,A,85.7,5,61.33,61.33,19.17033627,2.58052692,2.2891391532261327,33.784037488180616,35.17063644308755,87.53389503498138,-10.135074854148263,52.3,50.8,94.6,95.8,100.0,2026-09-24,2026-09-23,30.36,2026-06-12,35.59,2026-09-11,28.18,3.1841932659375622,2.932445726352352,0.2285137274342474,0.1845823655894012,0.0878627236896925,True,True,7.735982966643008,0.7627656012693546,1.43,0.867,125.63676245134688
300241,瑞丰光电,A,80.25,A,83.44,4,40.96,34.32,46.14678554,1.74776869,1.9679558228365528,6.61337389520693,53.84500709450914,38.331673916502865,-10.484419997929583,83.6,49.3,64.2,94.6,93.5,2026-09-24,2026-09-23,5.92,2026-06-24,6.22,2026-09-11,5.55,0.2027850223131322,0.3048438120095762,0.0566177890237948,0.0465970490117841,0.0200414800240215,True,True,6.66666666666667,1.007657181326439,0.7,0.906,132.5691797207976
002928,华夏航空,A,79.61,A,89.34,6,79.25,79.25,18.92936609,2.03607274,2.1033453409698257,7.9737572245835935,35.157396617558476,63.67704543591106,-18.482594629792683,52.0,26.5,94.5,95.1,100.0,2026-09-24,2026-09-23,6.5,2026-06-22,6.82,2026-09-11,6.1,0.2785153242355669,0.1107772082191299,0.0174952485195563,-0.0055140714332083,0.0460186399055292,True,True,6.557377049180333,1.0479329127461536,1.75,0.848,123.0379602604992
300099,尤洛卡,A,79.03,A,88.16,5,46.96,34.26,26.85552812,2.0305029,2.543640985574805,7.642937396369446,35.32173735578726,47.180125739008275,-16.65508076743003,52.7,28.3,91.6,96.7,97.9,2026-09-24,2026-09-24,6.37,2026-06-29,6.03,2026-09-16,5.98,0.5552192685797506,0.2411925172725418,0.0699645654161509,0.0537379169968478,0.0324532968386061,True,True,6.521739130434777,0.8747428891627355,0.87,0.902,131.9702566822618
000065,北方国际,A,73.78,B,70.31,4,114.4,104.9,15.44943019,1.02757221,1.8345595556106795,11.96874092704691,44.828471628916525,49.147787563927274,-17.702287483380886,71.5,27.3,92.7,94.2,100.0,2026-09-24,2026-09-24,9.85,2026-06-11,10.743,2026-09-11,9.32,0.4412112243418704,0.0446701385546914,0.1041102051234315,0.0833647118755568,0.0414909864957492,True,True,5.68669527896995,1.05774352748958,1.92,0.719,111.01663042831778
688128,中国电器研究院,A,72.55,A,83.59,6,89.39,89.39,16.55507147,2.48503825,40.27105067985167,26.390799362023404,44.8210742128058,41.79701497886448,-15.576638303494816,71.1,29.4,93.3,20.0,100.0,2026-09-24,2026-09-23,22.28,2026-06-29,22.05,2026-09-14,20.95,0.4569683641964097,0.514823535542223,0.0129289892542061,-0.0665430783462469,0.1589441352009062,True,True,6.348448687350844,0.8652931846185317,36.29,0.766,115.43325741587398
301172,君逸数码,A,71.89,A,82.34,4,41.12,30.41,143.57127754,2.76167515,1.8857661125388028,20.512573281212536,39.17978366646625,54.885981163705736,-10.835175337304904,61.7,47.8,20.0,94.4,93.6,2026-09-24,2026-09-24,18.29,2026-07-09,17.962,2026-09-14,17.14,1.4646598828719846,0.5948867701221094,0.2126732961072015,0.1524881835965298,0.1203702250213433,True,True,6.709451575262536,0.642408376552742,0.57,0.891,128.59026902971294
688722,同益中新材料,A,70.91,A,81.95,6,32.67,32.67,28.98790137,2.21626223,100.19428375602173,17.400535323796216,47.76218577462866,42.71362605024033,-16.209474428864123,76.6,28.8,90.5,20.0,86.1,2026-09-24,2026-09-24,14.58,2026-06-29,14.3,2026-09-17,13.6,0.4661203830570297,0.2782666453735846,0.026959133386585,-0.0227037172106004,0.099325701194371,True,True,7.20588235294118,0.9148146858517606,32.74,0.742,114.39142122392902
605123,派克新材,A,70.73,A,77.97,4,96.94,96.94,35.13766218,2.04553901,0.9678892188067741,96.77298256815249,33.8758486157759,51.895877001017965,-17.332298874161587,48.8,27.7,71.6,83.9,100.0,2026-09-24,2026-09-24,80.0,2026-06-29,91.55,2026-09-17,77.13,2.665864246622945,0.4433680931282838,0.4031547216199129,0.2131433947723487,0.3800226536951285,True,True,3.7209905354596193,0.9649643476585084,0.94,0.828,120.86594317299604
603037,凯众股份,A,68.66,B,66.91,6,27.24,27.2,41.0305675,2.83185631,2.174111713670479,13.728657510412685,52.41999694335797,57.212239401751276,-25.557178535129864,81.6,20.0,67.6,95.4,80.1,2026-09-24,2026-09-24,10.22,2026-06-29,9.7,2026-09-16,9.52,0.7557692289028548,0.0921449938851312,-0.0500227930767902,-0.061295719825707,0.0225458534978335,True,True,7.352941176470599,1.1901248667451696,0.59,0.527,98.99828570748032
300809,华辰装备,A,68.45,A,80.23,5,61.81,36.71,26.79065053,3.31198681,2.214126972218757,32.561726563908465,20.934090179989443,58.98845020040672,-25.126820433954265,10.9,20.0,91.6,95.5,100.0,2026-09-24,2026-09-24,24.38,2026-06-29,25.23,2026-09-11,22.77,2.135680993883988,1.3286391623413694,0.0482658688495476,-0.0873572315733304,0.2712462008457562,True,True,7.070707070707067,0.9924988026989576,0.81,0.789,117.01846018991066
300254,仟源医药,A,67.81,A,85.98,5,22.76,20.13,79.15937528,5.06166926,2.5663501050112334,10.28485127361752,27.12467978557722,60.72952387914046,-13.951113491530688,28.5,34.5,43.0,96.7,74.2,2026-09-24,2026-09-24,8.85,2026-06-08,9.04,2026-09-03,8.58,0.9867555196502876,0.682118065820018,0.0277343342205291,0.0091431625645203,0.0371823433120175,True,True,3.1468531468531418,0.9060369631747216,0.52,0.871,125.7158354442894
002006,精工科技,A,67.54,A,73.12,5,70.47,70.47,35.94152928,2.84950057,1.061088228827172,18.662095918516684,31.689962961018225,53.6999082617443,-27.339351061068882,42.6,20.0,71.0,91.5,100.0,2026-09-24,2026-09-24,13.56,2026-06-26,13.58,2026-09-16,12.97,0.7647940860179592,0.1185827605609056,-0.0440689826665003,-0.0619637646859458,0.0357895640388909,True,False,4.548959136468773,0.793176665921645,0.75,0.688,108.48857703867736
688122,西部超导,A,66.62,A,85.35,4,333.47,333.47,52.23339232,4.61548877,129.9061444633629,68.05996586050554,37.133160151451705,60.67285620972188,-24.58121400588854,55.9,20.4,60.1,20.0,97.8,2026-09-24,2026-09-24,51.33,2026-06-26,52.68,2026-09-11,47.96,1.858108944559106,0.3366847392032919,0.097542919137858,-0.2049703674212851,0.6050265731182864,True,False,7.026688907422847,1.0938425279852528,433.2,0.934,146.8228653657093
600449,宁夏建材,A,66.58,C,35.31,4,60.78,60.78,45.2649197,0.82552568,1.5838561830730211,12.970767903113291,86.09426762945402,22.56391319086842,-2.010427640530832,99.2,100.0,64.8,93.3,100.0,2026-09-24,2026-09-24,12.71,2026-09-01,12.21,2026-09-16,12.07,0.0248324441719294,0.0214678670131695,0.1128185814141709,0.0695959568307934,0.0864452491667548,True,True,5.30240265120133,1.2067635186061771,0.96,0.219,74.22646836132903
300129,泰胜风能,A,66.54,A,87.27,4,83.05,53.83,71.62344772,1.45603687,3.92421041880155,11.126809408281503,15.577991338820981,78.90314918401957,-32.68510562942405,4.3,20.0,47.7,98.5,100.0,2026-09-24,2026-09-24,7.49,2026-06-29,8.22,2026-09-17,7.18,0.4542591636144912,0.0848747195391148,-0.0460709820477287,-0.0718869259644002,0.0516318878333429,True,False,4.317548746518113,1.291251370177215,2.11,0.961,169.03801677403092
688208,道通科技,A,66.3,A,84.61,5,171.57,171.57,19.29572555,4.5877186,67.42559869659905,31.60114767523324,26.743234991987425,45.16747987746171,-17.787795978178032,27.0,27.2,94.6,20.0,100.0,2026-09-24,2026-09-23,25.98,2026-06-11,26.52,2026-09-10,24.67,1.971498956596367,2.1326101582881547,-0.2186175975622681,-0.2985832080731086,0.1599312210216809,True,False,5.310093230644502,0.933327378098694,117.4,0.852,123.63358987712245
002233,塔牌集团,B,74.79,B,64.49,3,79.02,78.98,18.9000542,0.67446163,1.9897864886484948,7.975054414111113,54.30503589418086,27.111087375464706,-12.351695210607605,84.8,41.3,94.5,94.7,100.0,2026-09-24,2026-09-23,6.99,2026-06-11,7.27,2026-09-07,6.89,0.2045462742451276,0.0745398154264102,-0.0381416394509068,-0.0467715464303165,0.0172598139588193,False,False,1.4513788098693838,1.2542535409390057,1.63,0.707,109.95697409245604
605222,起帆电缆,B,71.42,B,81.72,3,91.42,91.42,44.91834064,1.91130126,1.1250454771673906,24.808207392680952,27.02022322276396,79.42576244845743,-10.755341369276605,27.7,48.2,65.0,91.7,100.0,2026-09-24,2026-09-24,22.14,2026-06-29,21.51,2026-09-08,20.75,2.365128526459298,0.9104938053654684,0.5350814722684838,0.5962963885176997,-0.1224298324984318,True,True,6.698795180722894,0.6980402267664791,1.03,0.953,157.20419656801894
600363,联创光电,B,67.22,B,79.8,3,65.6,65.6,17.10374994,1.41873553,5.339569022005332,33.42003713290101,15.261715924745717,156.89233040532582,-56.46324406481293,3.9,20.0,93.6,93.6,100.0,2026-09-24,2026-09-24,14.55,2026-09-01,15.73,2026-09-16,14.68,0.631262054718345,0.651776093057042,-1.3835909280489709,-1.6641528742850562,0.5611238924721706,False,False,-0.8855585831062603,0.9664564894475656,3.5,0.926,139.58600939907282
002204,大连重工,B,66.04,B,59.84,3,104.49,104.49,16.28457188,1.30162673,1.2648948464164633,6.395132189609441,34.69748111366191,38.887466069993344,-15.404406983330931,50.8,29.6,93.1,92.2,100.0,2026-09-24,2026-09-24,5.41,2026-06-08,5.456,2026-09-03,5.14,0.2023064539534669,0.0490493878888783,0.0486212357883628,0.057006446452633,-0.0167704213285403,True,True,5.252918287937752,0.9619502457277388,1.32,0.641,105.07841645120496
300846,首都在线,B,65.48,A,87.54,4,100.06,82.49,-76.23135907,13.07412885,3.0971254763839844,25.589485669172348,22.026307101591787,64.8417744180452,-22.66354917855574,13.3,22.3,20.0,98.6,100.0,2026-09-24,2026-09-24,19.79,2026-06-29,19.75,2026-09-10,18.58,1.157856720657218,0.0250920686313653,0.0957421586678712,-0.0175570662121845,0.2265984497601116,True,True,6.512378902045215,0.9863487244925816,2.55,0.965,169.1598338718101
300590,移为通信,B,65.46,B,64.65,5,53.71,41.58,40.76117579,2.84043713,3.7851167238447427,12.954881394142758,28.084100364811498,41.50365579415972,-10.304080396647198,31.2,50.1,67.8,99.0,100.0,2026-09-24,2026-09-24,11.62,2026-06-29,13.11,2026-09-11,10.85,0.0742124220842157,0.4594631457644837,0.0890240673104134,0.0236015932371623,0.1308449481465022,True,True,7.096774193548383,1.1107991839378974,1.57,0.566,100.55413711690956
600819,耀皮玻璃,B,64.47,B,70.51,3,55.19,44.59,66.31508926,1.42571921,1.2801785845514457,7.117185854834387,30.93159917339035,56.47652455924339,-20.61469076064373,39.8,24.4,51.1,92.2,100.0,2026-09-24,2026-09-24,5.65,2026-06-25,5.595,2026-09-16,5.5,0.3281908889559766,0.0886408677992278,0.016825009739346,0.044650333795653,-0.0556506481126138,False,True,2.7272727272727337,0.9499260755930268,0.57,0.793,117.13133145086532
002465,海格通信,B,64.32,A,81.52,4,255.88,255.47,-26.37734981,2.30760624,2.831827961214838,15.157123806758243,25.964518056002326,69.82039800309416,-31.979179351936228,25.8,20.0,20.0,97.7,100.0,2026-09-24,2026-09-24,10.31,2026-06-29,11.84,2026-09-16,9.93,0.7602547097792982,0.450533176223289,-0.0297431385201338,-0.0777442531199275,0.0960022291995872,True,False,3.8267875125881248,1.117265135784854,7.23,0.879,127.66724139196492
600879,航天电子,B,63.6,B,78.71,3,472.13,472.13,502.92132175,2.2640318,2.1742131506761915,20.821486904669843,29.524696500622795,81.89418936870537,-31.272919818274104,37.1,20.0,20.0,95.4,90.8,2026-09-24,2026-09-24,14.31,2026-06-26,18.049,2026-09-11,14.1,0.2294676696294129,0.2428818854027619,-0.2357095196774441,-0.3117726815223011,0.1521263236897139,False,False,1.4893617021276655,1.073532103298123,10.27,0.91,133.83362611542043
301306,西测测试,B,63.54,A,83.98,4,82.95,57.26,-65.25177701,9.10813239,4.287320317528427,120.2203442379308,19.076909871673205,94.91399660763587,-17.559710356635517,8.6,27.4,20.0,97.2,100.0,2026-09-24,2026-09-23,99.11,2026-06-11,121.0,2026-09-11,95.0,5.7932002177756345,4.1355517991942605,0.2053413444575369,-0.0791274066245457,0.5689375021641654,True,False,4.326315789473684,0.8103371877516578,2.48,0.914,135.40091385510974
603915,国茂股份,B,62.97,B,50.55,3,88.76,87.27,33.31456823,2.32479099,0.8011330782784305,15.924231216674439,52.496074698192785,35.19604947630191,-16.54228188997976,82.0,28.5,72.8,77.9,100.0,2026-09-24,2026-09-24,13.29,2026-06-29,13.36,2026-09-11,12.63,0.452847922120009,0.227811255883448,-0.081928039828794,-0.1002844388917157,0.0367127981258433,False,False,5.225653206650819,0.8569186065929661,0.7,0.508,97.0209874550364
688586,江航飞机装备,B,62.42,B,81.17,3,87.76,87.76,183.46370743,3.53091192,46.802739026855384,13.043858085438687,37.067425295000135,46.238713751772025,-13.675847082620985,55.5,35.7,20.0,20.0,100.0,2026-09-24,2026-09-23,11.26,2026-06-11,11.3,2026-09-07,10.97,0.7045613058427485,0.4413743825897754,0.0701975828015122,0.1015049895132747,-0.062614813423525,False,True,2.643573381950767,0.8564204952428821,41.7,0.945,153.48941230266232
300165,天瑞仪器,B,62.19,B,62.58,3,25.12,21.32,-12.33127395,2.36234997,6.4085935285197975,5.781283856597628,42.98278596182444,60.73661189815246,-10.22755275928635,68.4,50.4,20.0,89.8,77.5,2026-09-24,2026-09-23,5.19,2026-06-11,5.39,2026-09-11,4.85,0.2371352535032382,0.1978015087805634,-0.0322250817318243,-0.0223403141999305,-0.0197695350637876,False,True,7.0103092783505305,1.1383880834934237,1.4,0.68,108.23625966618172
002565,顺灏股份,B,61.74,A,80.43,4,93.07,93.06,162.21969487,5.01100972,10.875790132000034,14.871925112437525,26.76122807471877,84.79238874364377,-40.96258598923951,27.3,20.0,20.0,74.5,100.0,2026-09-24,2026-09-24,8.78,2026-06-26,11.61,2026-09-11,8.33,0.8445254767726933,0.3679302256946352,-0.0654577304644128,-0.1320624627043745,0.1332094644799233,True,False,5.40216086434573,1.3431962511857511,10.12,0.863,125.41001257457344
601360,XD三六零,B,61.25,B,70.86,4,626.46,626.46,82.37665144,2.21759131,0.8445547707714012,10.879840958307339,31.01601206337172,44.63384008863074,-17.737768095165062,40.6,27.3,41.0,79.4,85.0,2026-09-24,2026-09-24,8.95,2026-06-11,8.83,2026-09-11,8.53,0.3706866114765432,0.1974454569324527,-0.0132006330212952,-0.0462718036494926,0.0661423412563947,True,False,4.9237983587338805,0.8027250021339196,5.29,0.727,112.110391827003
600380,健康元,B,60.98,C,36.88,3,169.22,169.22,14.12249102,1.11176757,0.6700198044838296,10.568292194915292,62.708782419465045,28.590022019507614,-12.474032422661063,91.8,40.8,92.1,73.2,100.0,2026-09-24,2026-09-24,9.25,2026-08-25,9.16,2026-09-17,9.11,0.0590790293128922,0.2611513245984994,-0.1169024277985499,-0.1521321510990044,0.0704594466009089,False,False,1.5367727771679536,0.9688134974336444,1.13,0.312,83.25366761915876
002031,巨轮智能,B,60.21,A,71.56,6,117.67,117.67,-47.02520714,6.18798508,5.670549732928681,6.649934456056388,27.07704767563789,51.352950831749354,-19.54807922764533,28.1,25.5,20.0,92.4,100.0,2026-09-24,2026-09-24,5.35,2026-06-29,5.21,2026-09-16,4.97,0.2296736976482121,0.1130385805527976,-0.0277314430047663,-0.0458807723400767,0.0362986586706208,True,True,7.645875251509053,0.915295833552954,6.67,0.594,102.04763008658274
002519,银河电子,B,60.2,B,80.08,3,66.46,66.28,-134.4863881,2.99150066,6.720956205404571,7.405316963793997,16.36333386667542,72.09960207963069,-20.32751563712637,5.5,24.7,20.0,88.7,100.0,2026-09-24,2026-09-24,5.9,2026-06-11,6.16,2026-09-08,5.59,0.4814114092424262,0.2498611906825867,0.1139450854517694,0.13268975932315,-0.0374893477427613,True,True,5.54561717352416,1.0265606045516456,4.45,0.93,141.88249188891763
300699,光威复材,B,60.07,B,62.38,4,191.46,189.62,35.93563127,3.50176284,0.7221328962110618,32.803524755197095,29.230786952228165,53.701544786516685,-28.17844979824199,35.9,20.0,71.0,75.1,100.0,2026-09-24,2026-09-23,23.56,2026-07-20,23.41,2026-09-16,23.01,0.6870809570598801,0.5300747800164546,-0.3961475277375683,-0.4491503469714951,0.1060056384678534,False,False,2.3902651021294963,0.8115106026491514,1.4,0.605,103.1423766668379
002507,涪陵榨菜,B,59.07,C,23.83,4,127.39,127.37,17.30107401,1.43052295,0.7191789371402938,12.073056092410102,98.02371271198467,16.77441730040784,-7.397100498618037,100.0,64.8,93.7,75.0,100.0,2026-09-24,2026-09-23,11.18,2026-08-28,11.06,2026-09-16,10.93,0.0005037968005598,0.0682088437423039,-0.0755834363973004,-0.0775842124056001,0.0040015520165992,False,False,2.2872827081427265,0.6308498458696218,0.93,0.055,51.553152517169735
300188,国投智能,B,58.07,A,71.21,5,90.33,89.91,-10.9014119,3.80275357,0.8681268764349871,12.893596029341573,25.099987007706275,47.92615919714757,-18.486665969038384,22.3,26.5,20.0,80.3,100.0,2026-09-24,2026-09-24,10.51,2026-06-11,10.09,2026-09-11,9.97,0.4304719503323504,0.191883141020387,0.0021969379166737,-0.0393961561158571,0.0831861880650618,True,True,5.416248746238708,1.030937707645409,0.78,0.66,106.19399010568078
688016,心脉医疗,B,57.78,B,37.3,5,104.79,104.79,18.34984946,2.46116491,71.59239363055885,96.63323770347571,83.93816089011995,22.563940665006314,-10.755344589992866,98.4,48.2,94.2,20.0,100.0,2026-09-24,2026-09-23,86.24,2026-06-29,83.33,2026-09-14,82.36,1.0306447375196512,0.6564418281276208,-1.5111374606046295,-1.785036956144381,0.5477989910795027,True,False,4.7110247693054825,0.7058672486619315,76.1,0.176,67.44000140449693
603985,恒润股份,B,57.68,B,63.95,3,73.84,73.84,66.13283048,2.22336206,1.5871550368566179,20.828072325653448,21.048193909537407,60.1519855828046,-18.043303609161743,11.7,27.0,51.2,93.3,100.0,2026-09-24,2026-09-23,17.07,2026-06-11,21.37,2026-09-11,16.35,0.4974696234036635,0.825579634639362,-0.1108174311602248,-0.1299514272403602,0.0382679921602708,False,False,4.4036697247706345,0.93064661761284,1.19,0.699,109.28491620163044
301548,崇德科技,B,56.9,B,53.36,4,48.04,18.63,34.47359271,3.03822853,3.6133490614363613,70.30599324110327,25.31213043909528,59.99591522737398,-21.457620532247144,23.4,23.5,72.0,99.6,98.7,2026-09-24,2026-09-24,55.22,2026-07-30,54.491,2026-09-11,51.291,3.5809817043014505,4.136891241909103,-1.5339516887885625,-2.245645937663324,1.4233884977495237,True,False,7.660213292780414,1.1717458907152378,0.67,0.477,93.52247971646554
600111,北方稀土,B,56.65,C,45.08,3,1339.74,1339.74,39.71816483,5.10285884,0.626680148859098,48.842397517062615,64.01370821702957,37.10396956689047,-24.123298846962925,92.6,20.9,68.5,71.7,63.6,2026-09-24,2026-09-24,37.06,2026-07-29,38.11,2026-09-16,36.42,1.8165359766832692,0.5129525595552993,-0.9252770496583906,-0.9581981298627356,0.06584216040869,False,False,1.7572762218561244,1.0775120786025212,8.4,0.43,91.79793126887634
002001,新 和 成,B,55.89,C,33.87,3,789.87,780.47,11.0138381,2.26452703,0.4477497041305518,29.858662271278316,54.23627354602496,42.2892098116603,-11.784393551559047,84.4,43.8,90.5,65.3,80.3,2026-09-24,2026-09-23,26.34,2026-08-27,26.1,2026-09-16,25.8,0.1290454148865905,0.8126975955944649,-0.4776671958975775,-0.5569547056462016,0.1585750194972481,False,False,2.09302325581395,0.741828966158802,3.58,0.27,79.00455465709089
688411,海博思创,B,55.52,C,45.35,3,293.77,213.46,23.17627542,5.67787365,88.15609145774252,246.8132619460889,48.76533636512424,47.87953952888725,-32.953359679616575,78.5,20.0,93.4,20.0,100.0,2026-09-24,2026-09-23,165.48,2026-07-20,175.6,2026-09-16,158.72,9.571711130143228,12.751282544846372,-9.38943392586603,-10.152538540140531,1.5262092285490034,False,False,4.259072580645156,0.9318104194448328,193.4,0.434,91.95459485371714
688708,佳驰科技,B,55.36,B,55.62,5,158.39,56.46,40.19392738,4.67032837,59.763513620016816,52.94714821084334,39.19172565572187,53.69364085294516,-23.017572471159966,62.1,22.0,68.2,20.0,100.0,2026-09-24,2026-09-23,40.76,2026-07-20,42.31,2026-09-16,39.3,0.4062895375583935,1.897352414140152,-0.7785014590314745,-0.9715147420006076,0.3860265659382662,True,False,3.715012722646313,0.740935581296834,34.77,0.438,91.99663936854816
300035,中科电气,B,55.36,C,42.07,3,83.69,71.63,24.28481487,1.69134325,1.2540154447313911,20.011925411306247,30.367725648966914,62.76074044092894,-37.2873936812219,39.5,20.0,92.9,92.1,100.0,2026-09-24,2026-09-23,12.55,2026-06-29,13.74,2026-09-14,12.1,0.7424224867941724,0.1554766373884219,-0.2872279814753593,-0.3148361839575,0.0552164049642813,False,False,3.719008264462819,0.7575487788507854,0.92,0.387,88.4598097793978
688188,上海柏楚电子科技,B,55.25,B,32.38,5,386.29,386.29,30.66839495,6.09310747,38.74995798066465,104.29167106433702,81.30095616888163,25.170754130280145,-6.69437069430987,98.0,70.4,74.6,20.0,94.8,2026-09-24,2026-09-23,97.31,2026-06-29,98.5,2026-09-11,93.05,0.0680969953300376,1.9802882230636447,-1.238590174283047,-1.520328505732405,0.563476662898716,True,False,4.5781837721655085,0.885807825125148,152.93,0.105,59.28846627720509
300353,东土科技,B,55.25,B,34.84,5,103.67,91.14,71.31459874,4.6729745,1.5914963900420187,21.3703583041269,56.43883807624606,43.64497298807557,-21.1056746917336,87.1,23.9,47.9,93.3,100.0,2026-09-24,2026-09-24,16.86,2026-07-30,16.61,2026-09-16,15.66,0.2912416561966147,0.2852816589136759,-0.4496459620155555,-0.5795989488593902,0.2599059736876694,True,False,7.662835249042141,0.983310310160136,1.45,0.141,62.78204205750798
603698,航天工程,B,55.02,B,57.93,3,112.29,112.29,55.07043049,3.18727856,1.381984738521241,33.08616555902332,21.494180950236437,72.84422420565014,-35.92488086242349,12.5,20.0,58.2,92.6,100.0,2026-09-24,2026-09-23,21.2,2026-06-11,29.69,2026-09-11,21.0,1.0915880148710286,2.040074379475104,-0.5377781186949093,-0.7077430148772005,0.3399297923645823,False,False,0.952380952380949,1.017455309462135,1.57,0.613,103.75288476721478
688106,金宏气体,B,54.78,B,60.2,4,143.84,142.29,122.29771629,3.61045414,200.533972269923,30.653447828642886,39.98962518849868,63.09935678576692,-12.505763952141379,64.1,40.7,20.0,20.0,100.0,2026-09-24,2026-09-24,26.82,2026-08-03,25.06,2026-09-11,24.87,1.2171043563800763,1.987555484705978,-0.3610195236216889,-0.6088197499242542,0.4956004526051307,True,False,7.840772014475268,0.940688901827232,285.35,0.574,101.27231154231026
688750,湘投金天钛业,B,53.89,B,58.28,4,64.29,32.38,124.69401964,2.58518711,56.356492962258365,18.17825409116176,47.27957832515219,41.90333307652768,-22.104730580894618,75.8,22.9,20.0,20.0,100.0,2026-09-24,2026-09-23,14.16,2026-06-29,15.627,2026-09-16,13.82,0.2432005346005752,0.1236126637056373,-0.0868173490226951,-0.0928574097463373,0.0120801214472844,False,False,2.460202604920404,0.7421876406050248,18.59,0.547,100.04541466561211
002921,联诚精密,B,53.73,C,40.98,3,31.12,26.9,2034.85266723,2.37169262,3.5807227197648763,23.459210480137575,42.29216627202094,62.0256139350062,-10.951819893141213,67.6,47.3,20.0,99.7,84.5,2026-09-24,2026-09-24,20.89,2026-06-22,22.85,2026-09-16,19.6,0.7442486708001077,0.6092384914971519,-0.4176417100485281,-0.471786694363176,0.1082899686292957,False,False,6.58163265306122,0.8060698531235667,0.96,0.371,87.86786516576271
002149,西部材料,B,53.6,B,51.37,3,160.77,160.74,184.8021689,2.43305243,4.375391963050271,47.66646668240376,32.384351138204146,99.23323411487505,-30.915794075090897,45.3,20.0,20.0,96.9,100.0,2026-09-24,2026-09-24,32.93,2026-06-24,47.15,2026-09-11,32.52,2.029108140490792,2.2337175858417084,-1.116504370829965,-1.220768320314388,0.2085278989688461,False,False,1.2607626076260656,1.1025987452543304,7.03,0.52,97.76849200184894
688088,虹软科技,B,49.82,B,54.26,5,118.31,118.31,47.89502498,4.31815672,74.4410355300391,41.78696611100566,28.910595244942712,68.25423873296154,-28.039762637660594,34.0,20.0,63.0,20.0,100.0,2026-09-24,2026-09-23,30.07,2026-07-27,29.5,2026-09-11,28.5,0.729935733985549,0.3223211912363442,-0.5659812496975825,-0.764513196995049,0.3970638945949332,True,False,5.5087719298245625,0.8949640277181503,89.8,0.418,90.74219807870976
688075,安旭生物,B,44.64,B,58.91,5,37.9,37.9,-7205.3730419,0.75449114,43.802936203682314,33.99501840973797,16.505908323449876,39.79676453622221,-12.281265329575541,5.9,41.6,20.0,20.0,90.9,2026-09-24,2026-09-24,29.82,2026-06-22,28.08,2026-09-16,27.71,1.3606886809145244,0.0873951818953356,0.1178421850023703,-0.0276309112380525,0.2909461924808456,True,True,7.61457957416095,1.3332563912513746,16.6,0.484,93.9702299342233
605277,新亚电子,C,82.78,C,73.09,1,67.03,66.58,26.77420368,3.80424736,2.09958095072692,18.50817999787496,70.6498766092506,35.68162577412471,-6.851997322376214,95.3,69.2,91.6,95.1,100.0,2026-09-24,2026-09-24,17.24,2026-06-24,17.55,2026-09-08,16.27,0.8309606622145314,0.4342839261476723,0.4147217258521856,0.4879284566038132,-0.1464134615032551,False,True,5.961893054701899,0.5559359391462787,1.4,0.973,190.48506362046987
603637,镇海股份,C,75.91,C,74.73,1,33.61,33.61,54.98953505,3.22272707,2.040380462058088,14.566216888458474,37.01168301460701,60.142062226295046,-0.7978522450160619,55.1,100.0,58.3,94.9,87.0,2026-09-24,2026-09-23,14.45,2026-06-16,16.0,2026-09-11,13.6,0.1908577099885331,0.5703539078038097,0.2022729870104402,0.2498636482788021,-0.0951813225367236,False,True,6.249999999999997,0.9050826995050102,0.7,0.996,1293.4384539383188
603375,盛景微电子,C,75.61,C,80.0,2,49.58,31.41,-3690.31240985,3.22109095,13.563772330754228,43.84591714804963,45.95514900924,41.51864176982962,2.1075687590936365,73.0,100.0,20.0,66.9,99.7,2026-09-24,2026-09-23,44.77,2026-06-29,43.21,2026-09-14,42.5,1.36992841977019,1.5634469578712045,2.4394866632299,2.261972715056957,0.3550278963458861,False,True,5.341176470588243,1.9802948000647045,3.87,1.0,3908.716228430976
003019,宸展光电,C,75.08,C,71.45,1,48.5,47.4,27.80245328,2.85224431,1.514617627227736,31.925111025072017,46.84920672395227,61.55098044416544,-14.142820119015798,75.0,33.6,91.1,93.1,99.0,2026-09-24,2026-09-24,27.41,2026-06-15,30.31,2026-09-08,26.51,1.807199029178857,2.7754427599126927,0.5985681817776616,0.6509250518841646,-0.104713740213006,False,True,3.3949453036589907,0.866200127013879,0.72,0.949,154.09849696034576
603685,晨丰科技,C,73.44,C,70.62,1,65.24,51.96,227.28480862,3.26926504,1.1593534061152342,26.776106525521943,43.63016777602155,58.934201097712204,-2.9731974839699915,69.9,100.0,20.0,91.8,100.0,2026-09-24,2026-09-23,25.98,2026-06-11,29.28,2026-09-11,26.76,0.4476665795462153,1.0629105394772087,0.1674082314444831,0.3095166318933774,-0.2842168008977886,False,False,-2.9147982062780318,0.6038425251200906,0.61,0.938,146.95381663665813
002263,大东南,C,69.11,C,77.81,2,59.36,59.36,291.33839194,2.13252838,1.599024588186697,3.97686549021093,43.03468810319234,52.967380589350675,-20.540435481704055,68.8,24.5,20.0,93.3,100.0,2026-09-24,2026-09-24,3.16,2026-06-08,3.61,2026-09-04,3.12,0.1449615826568577,0.0241135289914876,0.0284428171988047,0.0381816710764727,-0.019477707755336,False,True,1.2820512820512833,1.0277154296974154,0.95,0.969,182.5102533890491
300457,赢合科技,C,68.81,C,62.7,1,134.63,134.33,21.78911916,1.89150705,1.2223216145816562,26.111449447184228,39.61104429178767,59.21917894396198,-20.073376078896487,63.3,24.9,94.1,92.0,100.0,2026-09-24,2026-09-24,20.87,2026-06-30,19.946,2026-09-11,19.82,1.605063134816124,0.3794686910575892,0.1473643124741492,0.169455358127041,-0.0441820913057835,False,True,5.297679112008076,1.298080339897583,1.64,0.824,119.76961094062943
002334,英威腾,C,68.77,C,61.88,1,53.3,47.78,54.08710045,1.74125234,1.2310953892957306,8.537039787007272,61.61169450921692,39.75188140356692,-23.861195892603103,91.4,21.1,58.9,92.1,100.0,2026-09-24,2026-09-24,6.5,2026-06-29,6.84,2026-09-16,6.43,0.3957297026966495,0.3162512227266146,-0.0452706769617874,-0.0367552426323854,-0.017030868658804,False,False,1.0886469673405956,0.9090936918581014,0.59,0.812,119.4703106939603
603344,星德胜科技,C,68.05,C,64.06,1,43.5,12.08,28.78882199,1.99650671,4.582000918732179,28.322098449280183,37.78667695600168,45.089104341903905,-21.051047682632827,57.4,23.9,90.6,96.2,95.4,2026-09-24,2026-09-24,22.36,2026-06-29,22.48,2026-09-16,22.03,1.6889756207031468,0.9778072577010976,-0.0671016386977854,0.153967221788254,-0.4421377209720789,False,False,1.4979573309123844,0.702079564788509,0.55,0.844,121.9041186077538
603416,信捷电气,C,67.86,C,55.39,2,72.79,64.71,25.80294383,2.70586076,0.8134944920002076,54.882623510599785,55.82371954043703,31.813964423187418,-15.510598739791837,86.3,29.5,92.1,78.3,100.0,2026-09-24,2026-09-24,46.37,2026-07-29,46.07,2026-09-11,45.0,1.4263766227691264,1.8223166933825088,-0.4498885334210527,-0.5653944719817982,0.2310118771214908,False,False,3.044444444444439,0.8174249476762995,0.53,0.648,105.18856389199344
301606,绿联科技,C,67.85,C,63.52,1,217.87,86.64,25.30720044,6.10696052,1.8324376025602174,64.4414047937269,35.67879798631708,45.19408373480277,-18.51512212050408,53.1,26.5,92.3,94.2,100.0,2026-09-24,2026-09-24,52.51,2026-06-29,55.95,2026-09-16,50.98,3.2472139882992934,0.47571926382182,0.2327383471294695,0.1847895551394046,0.0958975839801298,False,False,3.001176932130249,0.9247957342904976,1.59,0.836,121.57828744729532
603158,腾龙股份,C,67.31,C,63.87,2,51.58,51.58,68.36939129,2.25756602,1.4317904274813391,11.942050867021116,41.97755709511611,50.72809677383505,-11.991666113027822,66.8,42.9,49.8,92.8,100.0,2026-09-24,2026-09-24,10.51,2026-06-29,11.19,2026-09-11,10.28,0.6573150238924139,0.3616582027000741,0.0086856416914304,0.0420759845606485,-0.0667806857384361,False,True,2.237354085603117,0.9116524238032504,0.74,0.77,115.61033609501882
601138,工业富联,C,66.8,C,56.68,1,12104.9,12104.9,25.80304715,6.8874386,0.33861463169156064,64.13092028324934,64.61592283693426,37.44605383737817,-4.88207602420313,93.0,84.9,92.1,61.4,35.0,2026-09-24,2026-09-24,61.0,2026-07-06,60.85,2026-09-16,60.4,1.3950646006419092,2.5324883278213783,-0.3325198614770741,-0.2034932437920462,-0.2580532353700558,False,False,0.9933774834437108,0.8811674719379469,40.99,0.738,113.92593946219289
603701,德宏股份,C,66.58,C,63.79,1,49.16,49.16,355.15592469,6.10716698,1.0397460339867974,21.661172312843338,56.06779912421279,36.88046637956955,-13.162594672462957,86.7,37.9,20.0,91.4,99.4,2026-09-24,2026-09-24,18.81,2026-06-26,20.81,2026-09-11,19.0,0.8370382917089891,0.3514086165584606,-0.0757295065233663,0.016568838563248,-0.1845966901732287,False,False,-1.0000000000000069,0.7277516401405173,0.51,0.84,121.71468578802452
002654,万润科技,C,65.63,C,61.6,1,111.66,111.66,238.86277348,7.04807388,3.276337685150879,15.451859464383368,54.627598927362044,48.212505401484776,-14.508671073218515,85.2,32.1,20.0,99.2,100.0,2026-09-24,2026-09-24,13.21,2026-06-08,14.052,2026-09-03,13.3,0.2086890986211358,0.7626470085669484,0.015147073228201,0.0397918077499321,-0.0492894690434622,False,False,-0.6766917293233071,0.7648359887344204,3.66,0.809,119.38114949578606
002124,天邦食品,C,65.19,C,66.25,1,45.99,40.83,-1.43543077,5.58671275,6.021662258932939,2.545896473007598,49.356261758083676,35.41115473384249,-18.692687548500242,79.3,26.3,20.0,91.2,97.3,2026-09-24,2026-09-24,2.07,2026-06-09,2.26,2026-09-03,2.18,0.1071417271756653,0.0814250645404713,-0.0471356562000235,-0.0116512927524084,-0.0709687268952302,False,False,-5.045871559633042,0.9651366165928068,2.46,0.875,126.1007824400508
300503,昊志机电,C,64.92,C,49.38,2,202.94,158.91,70.41375572,12.79282872,4.019328042323105,66.34305494582792,36.16289222445414,100.96315316468551,-1.5420678873821703,53.5,100.0,48.5,98.2,100.0,2026-09-24,2026-09-24,65.32,2026-07-21,62.22,2026-09-11,60.89,3.0487104098545217,6.500386842906815,-1.123326406559002,-1.5540925507694572,0.8615322884209102,False,False,7.275414682213816,1.072443761743324,6.39,0.562,100.43038343504428
600135,乐凯胶片,C,64.49,C,72.89,2,42.16,42.16,-53.91913562,1.79494474,1.8459549892744103,9.685264842540763,37.24272560217258,49.05385834133133,-21.633531726852663,56.6,23.4,20.0,94.2,94.4,2026-09-24,2026-09-23,7.59,2026-06-29,7.45,2026-09-16,7.25,0.6208526437405162,0.1282895871599708,0.0939223393240258,0.0877798048778055,0.0122850688924406,False,True,4.689655172413791,2.035368242024429,0.78,0.898,131.49149791445365
601226,华电科工,C,64.26,C,74.26,2,75.89,75.89,42.39478991,1.71637344,0.7317179988671716,8.857627299890586,27.93404776564911,66.50230203536005,-26.278225771808415,30.9,20.0,66.7,75.4,100.0,2026-09-24,2026-09-24,6.53,2026-06-11,6.722,2026-09-08,6.42,0.6118309111851472,0.1457719239200982,0.0792327187125749,0.0850763518124265,-0.0116872661997032,False,True,1.7133956386292886,1.3556964434161634,0.56,0.918,136.6772284530892
300969,恒帅股份,C,64.11,C,61.8,0,128.44,61.26,80.01916741,7.23067084,2.159685083804405,91.23475460871087,39.171155457590636,47.509556737831296,-14.221285149894037,61.3,33.3,42.5,95.3,100.0,2026-09-24,2026-09-24,78.26,2026-06-26,89.6,2026-09-11,75.75,3.005149049107274,3.1922769696209663,0.1434110136259505,0.2974071713846402,-0.3079923155173794,False,False,3.3135313531353203,0.7089809338484102,1.32,0.883,128.06577800446254
002261,拓维信息,C,62.62,C,63.05,2,314.1,285.72,579.95826995,12.02460558,1.831637693738592,32.91575002766607,45.380759148271004,43.34039686609703,-24.26118202062525,72.3,20.7,20.0,94.2,99.1,2026-09-24,2026-09-24,24.93,2026-08-11,25.475,2026-09-16,24.8,0.5990681396798685,0.291943879328149,-0.2473823191212218,-0.3013056684184506,0.1078466985944573,False,False,0.5241935483870928,1.2841294872569096,5.23,0.758,114.97113238075389
603031,安孚科技,C,62.22,C,61.33,1,147.82,129.49,46.79324309,5.13298966,2.4241067290218887,43.83514978222411,25.103885003252497,68.73820149708604,-9.798414750634354,22.7,52.3,63.7,96.2,100.0,2026-09-24,2026-09-24,39.54,2026-07-08,43.98,2026-09-14,38.75,0.9709467848135418,2.338673045956856,0.0642792256870237,0.2667404132627317,-0.404922375151416,False,False,2.0387096774193525,0.8215074430237961,3.14,0.805,119.10809874409428
600285,羚锐制药,C,61.9,C,29.69,2,106.79,106.67,13.68709343,3.30445373,1.0281726072977684,20.840526576523985,95.70329757698791,17.298080333038516,-9.647196625006416,99.6,52.9,91.8,91.3,100.0,2026-09-24,2026-09-24,18.83,2026-08-17,19.32,2026-09-14,18.9,0.1544436073341266,0.918192176244604,-0.3890988790582916,-0.4247376787580195,0.0712775993994557,False,False,-0.3703703703703719,0.7896750811323676,1.1,0.281,80.77680152933624
300900,广联航空,C,61.76,C,74.53,2,74.23,58.15,-52.84552607,3.82012013,4.155843807813954,34.56046601304494,27.819432463932092,74.65252729985345,-34.462689272040784,29.7,20.0,20.0,97.7,100.0,2026-09-24,2026-09-24,22.65,2026-06-24,30.01,2026-09-11,22.4,1.7303839672079064,0.462182559929837,-0.3640504782854137,-0.417977206490321,0.1078534564098145,False,False,1.1160714285714286,0.9190056096751388,2.42,0.922,137.73012672589974
300763,锦浪科技,C,61.44,C,56.48,2,210.84,170.93,37.37562789,2.25586296,2.085761440707944,84.29993932581135,34.22198974615204,66.94012652861537,-36.951318796825895,50.0,20.0,70.1,95.1,100.0,2026-09-24,2026-09-24,53.15,2026-07-21,54.96,2026-09-16,53.44,7.012000012927359,2.7748989349910964,-2.0674542419425777,-2.1309042014720423,0.1268999190589292,False,False,-0.5426646706586811,1.027430700322637,3.57,0.664,107.00996966175482
600930,华电新能源集团,C,59.98,C,78.91,2,1618.51,416.84,33.28638606,1.45924393,0.7553013484990836,5.633406732471335,21.023574716096757,55.240733297377446,-31.12515775515694,11.3,20.0,72.8,76.3,58.7,2026-09-24,2026-09-24,3.88,2026-07-27,4.08,2026-09-15,3.88,0.2011810254316319,0.0460121168885717,-0.0501294514716574,-0.0631393167620269,0.026019730580739,False,False,0.0,1.063901785668704,3.15,0.984,233.7257045111232
600452,涪陵电力,C,59.97,C,55.59,1,135.37,135.37,31.25172291,2.36681216,1.1579965927822482,11.260056721962602,31.011522523512188,49.70776629349948,-21.758831082829232,40.2,23.2,74.2,91.8,100.0,2026-09-24,2026-09-24,8.81,2026-06-10,10.067,2026-09-07,8.955,0.4162526406987865,0.6806245325971894,-0.0909885886351506,-0.0859319529538874,-0.0101132713625264,False,False,-1.619207146845333,1.225831202782977,1.57,0.723,111.32067168530118
300648,星云股份,C,59.91,C,60.78,1,68.3,53.22,-35.3970381,5.72072912,1.3087796780538967,48.364928266709654,38.4431552418116,60.68430828160432,-18.970209603360267,58.2,26.0,20.0,92.3,100.0,2026-09-24,2026-09-24,39.19,2026-06-29,39.96,2026-09-11,37.55,2.402151824950529,0.4780777347231418,0.4418804563144647,0.4966666482763212,-0.109572383923713,False,True,4.367509986684422,1.14932772644276,0.7,0.797,117.70679096304842
300053,航宇微,C,59.89,C,56.76,2,84.53,80.33,-26.5069687,6.07065208,1.62560177863818,17.59284658313687,46.12081616840686,64.91780471928634,-31.051521749602063,73.4,20.0,20.0,93.4,100.0,2026-09-24,2026-09-24,12.13,2026-06-29,14.46,2026-09-15,11.66,0.3476743963800501,0.2169479334935871,-0.0828668654233926,-0.1534843002928934,0.1412348697390017,False,False,4.030874785591773,1.2369481525173935,1.31,0.668,107.19133281735496
002130,沃尔核材,C,59.77,C,58.32,1,225.24,185.76,19.54412649,2.4501514,1.996644598012527,23.86115327459858,23.182180663823956,64.05026539779787,-32.568221599210666,17.2,20.0,94.8,94.7,100.0,2026-09-24,2026-09-24,16.09,2026-06-30,17.096,2026-09-16,16.54,0.9383624077854976,0.1674738347668042,-0.0973778233449529,0.0062141381990124,-0.2071839230879308,False,False,-2.7206771463119668,0.8071547131455188,3.71,0.762,115.16498681294507
600736,苏州高新,C,59.73,C,31.72,0,75.52,75.52,12.9711782,0.96006719,1.2522008875713504,7.389088539776725,53.50774226148091,51.18534548149493,-11.220443973754001,83.2,46.2,91.5,92.1,100.0,2026-09-24,2026-09-24,6.56,2026-06-29,6.502,2026-09-16,6.32,0.190557697797792,0.0800904405859191,-0.0342728636672431,-0.0339208330955668,-0.0007040611433526,False,False,3.797468354430369,0.909275559349762,0.95,0.453,92.61118068606912
002866,传艺科技,C,59.64,C,54.22,1,41.4,26.28,63.45839412,1.97376482,2.207609738348863,20.240024647967783,38.97767537569746,64.98445269238742,-29.34791212600719,60.2,20.0,52.8,95.5,93.8,2026-09-24,2026-09-24,14.3,2026-06-11,17.1,2026-09-11,13.68,1.2869755490698989,0.528595955919759,-0.1545331553326896,-0.1814688791580871,0.0538714476507951,False,False,4.532163742690066,0.8996956824388243,0.58,0.703,109.5270296686356
002056,横店东磁,C,59.47,C,47.19,2,325.99,325.65,18.31916197,3.07341264,0.7891415768240567,23.262512585868503,35.155194013121836,53.698320397726704,-13.852813938190467,51.6,34.9,94.2,77.5,98.3,2026-09-24,2026-09-24,20.04,2026-07-30,19.77,2026-09-11,19.01,1.0087816364125928,1.6713019998226908,-0.4145638504094187,-0.5562601125467164,0.2833925242745954,False,False,5.418200946870055,0.9761280066321848,2.57,0.531,99.0045545132172
000727,冠捷科技,C,59.47,C,47.66,1,98.29,98.29,-14.20822596,5.88286063,1.4379961768442597,2.6576255474047925,65.52099006383682,29.05308170817365,-18.34816601161008,93.8,26.7,20.0,92.8,100.0,2026-09-24,2026-09-24,2.17,2026-06-12,2.47,2026-09-11,2.18,0.0170414936140277,0.0864461479039832,-0.0149176366239065,-0.0091074904627442,-0.0116202923223246,False,False,-0.4587155963302857,0.9987508619021134,1.41,0.609,103.73155135563007
300603,立昂技术,C,59.33,C,67.07,1,37.42,30.1,-23.29347975,3.01013752,1.6807091066481934,10.027159928323277,31.353444952413685,45.40919301884014,-19.71804521376467,41.4,25.3,20.0,93.6,90.5,2026-09-24,2026-09-24,8.05,2026-06-11,8.33,2026-09-11,7.81,0.6643432926518447,0.3582285549060995,0.0282235058033659,0.0339075411975485,-0.011368070788365,False,True,3.072983354673509,0.8506310648319442,0.51,0.887,128.3050789790496
300792,壹网壹创,C,59.19,C,58.4,2,57.82,52.11,56.05817232,1.94474925,3.240187271432276,32.29729692414151,29.158094426577286,69.43552607417803,-24.668618376499918,34.8,20.3,57.5,99.1,100.0,2026-09-24,2026-09-24,24.33,2026-06-29,25.0,2026-09-16,22.9,1.876982401208128,0.3863281375558041,0.004738483476725,-0.00649099495381,0.0224589568610701,False,True,6.244541484716156,0.9024319157589634,1.69,0.691,108.80104716164472
603389,亚振家居,C,59.11,C,41.64,1,115.14,115.14,-257.02555796,57.85598482,0.691069906223359,47.15836462509358,58.71474628955327,58.23653672171309,-6.0612038772282055,89.5,75.5,20.0,74.0,100.0,2026-09-24,2026-09-23,44.3,2026-08-31,41.52,2026-09-10,41.3,0.3840654856416989,0.1670320104996157,0.1331276649261639,0.0533783941876445,0.1594985414770387,False,False,7.263922518159807,0.9099904501280004,0.8,0.523,98.71296368899316
000586,汇源通信,C,59.08,C,76.99,2,25.94,25.64,-136.45936234,8.22356734,2.3918614990323763,16.15402460304389,22.435539887212755,65.90336630191148,-16.986631322369263,14.5,28.0,20.0,96.1,78.5,2026-09-24,2026-09-24,13.41,2026-06-11,14.32,2026-09-04,13.31,1.4338481270250334,0.5741823392896823,0.2248434192766257,0.3420720179899597,-0.2344571974266679,False,True,0.7513148009015751,0.6826540029647511,0.61,0.957,160.2217188458963
002709,天赐材料,C,58.84,C,48.83,2,647.45,479.26,16.37051371,3.19196799,1.9052544771377842,44.62582953874747,35.07186648279262,56.34005511747217,-28.830454630712012,51.2,20.0,93.2,94.4,84.3,2026-09-24,2026-09-24,31.76,2026-07-29,34.65,2026-09-11,31.68,2.9358398388336084,1.4638597088314511,-1.273262567296534,-1.3580485851062405,0.1695720356194128,False,False,0.2525252525252583,0.92975435240936,9.13,0.555,100.27735065761908
002273,水晶光电,C,58.82,C,55.66,2,350.02,343.84,29.26397837,3.42944087,2.2557880166460977,30.192044068225478,23.30942831602732,51.59473800234525,-16.633666991466622,17.6,28.4,90.4,95.6,96.9,2026-09-24,2026-09-24,25.17,2026-07-30,23.93,2026-09-16,23.8,1.552474070431515,0.9945041567737638,-0.3687817175653336,-0.5647620873513056,0.391960739571944,False,False,5.756302521008407,1.1011177156064356,7.76,0.652,105.20572676008636
300128,锦富技术,C,58.63,C,67.62,1,63.4,63.31,-19.21210476,17.5907489,1.0918928387067486,6.526760746777524,28.789610311960946,57.84827742779826,-25.23090412944252,33.6,20.0,20.0,91.6,100.0,2026-09-24,2026-09-24,4.88,2026-06-29,5.23,2026-09-15,4.71,0.4548225795633707,0.2553467367782456,0.0286327910189285,0.0500445866568141,-0.0428235912757712,False,True,3.6093418259023338,0.6954010059323404,0.69,0.895,129.2573520769711
002366,融发核电,C,58.48,C,65.16,1,116.12,103.25,-158.90324095,2.51177855,0.6863206414075437,7.228342113153563,34.603013942336574,46.37030528000153,-22.80387518119875,50.4,22.2,20.0,73.8,100.0,2026-09-24,2026-09-24,5.58,2026-06-11,5.92,2026-09-03,5.79,0.3851188920275463,0.1736748855171259,-0.0767152674517941,-0.0413989154982357,-0.0706327039071168,False,False,-3.6269430051813463,0.5543031042869953,0.71,0.859,125.00111167437028
002047,宝鹰股份,C,57.98,C,63.24,1,48.37,48.37,74.95401593,155.09889935,1.1844436786326218,4.120696179052933,25.6689886474336,59.32973712370415,-22.585896620673374,24.2,22.4,45.7,91.9,98.9,2026-09-24,2026-09-24,3.19,2026-06-12,3.98,2026-09-07,3.36,0.2595717304197986,0.2033685896495106,-0.0506555323245083,-0.0331131011699451,-0.0350848623091263,False,False,-5.059523809523808,0.8469597942746853,0.57,0.832,121.26177516495876
300073,当升科技,C,57.23,C,38.71,2,203.57,189.23,24.18827881,1.35251556,1.0738397239159314,53.610649047201335,39.22458252770767,53.26165073502709,-28.726846850225375,62.5,20.0,92.9,91.5,100.0,2026-09-24,2026-09-23,38.21,2026-07-17,38.08,2026-09-11,36.21,2.0924367648127955,0.6483222051266813,-0.7718174635239876,-0.9326986165305172,0.321762306013059,False,False,5.523336095001381,0.7424784568145799,2.08,0.41,90.34837963729422
601137,博威合金,C,56.89,C,33.44,1,182.25,182.25,-116.21489659,1.86176041,1.1965883601811171,21.20508867758349,58.633267537943304,39.12930724170779,-6.39039382568577,89.1,72.9,20.0,91.9,100.0,2026-09-24,2026-09-24,19.85,2026-06-29,21.0,2026-09-14,18.86,0.0630801942049075,0.4844862321580406,0.2018812047605074,0.2548870017026941,-0.1060115938843734,False,True,5.249204665959714,0.7947530129581659,2.18,0.406,90.2455392912149
300322,硕贝德,C,56.84,C,62.15,1,81.56,78.09,144.52154382,7.90644432,4.67680773697454,25.59285919913992,29.189488893974623,62.82864327542067,-30.722863506411823,35.2,20.0,20.0,95.9,100.0,2026-09-24,2026-09-24,17.73,2026-06-29,23.0,2026-09-11,16.85,1.4939270727463807,1.1589933186771435,-0.0084154739704516,-0.1234585814249389,0.2300862149089746,False,False,5.222551928783377,1.1951144248931307,3.65,0.816,119.704660450787
301171,易点天下,C,56.76,C,40.82,1,207.27,168.18,222.76573203,5.43671563,7.920305817037114,37.039924301921126,53.30271012117449,62.71487976041301,-9.530052688952296,82.8,53.4,20.0,86.3,100.0,2026-09-24,2026-09-24,33.51,2026-06-12,35.08,2026-09-14,32.23,0.6148493344336075,0.9654633132700076,-0.2372856460017089,0.0110209929246833,-0.4966132778527846,False,True,3.971455165994419,0.8157043778751543,13.32,0.512,97.41538933997948
002470,金正大,C,56.71,C,70.9,1,66.38,66.37,-17.2873092,4.06643253,2.861271368146949,2.50479785622096,14.254667094231547,60.96594012196458,-19.354769687977313,3.1,25.6,20.0,97.8,100.0,2026-09-24,2026-09-24,2.02,2026-06-09,2.11,2026-09-04,2.01,0.1886519924439118,0.0964598034335345,-5.525390881944148e-05,0.0375662884886714,-0.0752430847949818,False,False,0.4975124378109568,0.5941574553568799,1.9,0.941,152.54402468050364
300424,航新科技,C,56.46,C,52.5,0,34.7,34.68,-44.11062383,4.8084872,4.2186923218805505,17.127300300370955,41.7835251869355,43.50651229430373,-21.061698207585145,66.0,23.9,20.0,97.5,88.0,2026-09-24,2026-09-24,13.52,2026-06-29,14.78,2026-09-15,13.05,0.824178987793303,0.6720924487386133,0.0041365282747971,0.0398868907378635,-0.0715007249261328,False,False,3.6015325670498,1.6621346644871977,1.46,0.75,114.54608085613124
002460,赣锋锂业,C,56.41,C,38.09,1,915.84,529.13,14.30684299,1.90012551,2.267260763409349,65.90977277099104,45.448715399042946,56.38147493948623,-33.7275821724196,72.7,20.0,92.2,95.7,75.7,2026-09-24,2026-09-24,43.68,2026-07-21,45.19,2026-09-16,44.1,3.81991039421952,1.2020170479080208,-2.0224767918611306,-1.8162165807312591,-0.4125204222597429,False,False,-0.9523809523809564,0.8744665808419935,12.0,0.473,93.26676117484652
300991,创益通,C,56.0,C,64.96,2,41.63,30.39,-214.30087765,6.74920845,3.737922963850951,38.71112115990376,25.13855120417038,83.89298013304173,-25.318618697242933,23.0,20.0,20.0,99.2,94.0,2026-09-24,2026-09-24,28.91,2026-06-29,32.0,2026-09-07,26.8,2.1930956202392267,0.3776681175923203,0.6803166700486791,0.6381017361363482,0.0844298678246617,False,True,7.873134328358207,0.899490306043215,1.14,0.785,116.47372587880744
300801,泰和科技,C,55.88,C,29.96,2,47.07,29.61,29.70904546,1.76534482,1.9410332832768198,28.337083148329448,50.51758061528388,46.769134503261014,-23.845372909271354,80.1,21.2,90.1,94.5,98.0,2026-09-24,2026-09-24,21.58,2026-08-03,21.88,2026-09-11,20.63,1.169701308364484,0.0876526363867835,-0.3655950484774024,-0.462673096966699,0.1941560969785931,False,False,4.604944255937951,0.9754920741143502,0.57,0.285,80.90144875272956
300919,中伟新材,C,55.75,C,44.18,2,392.72,343.98,18.37383914,1.6720856,0.6752809998672841,48.33381577303716,33.94612855705539,47.88489757466361,-22.20767303670027,49.2,22.8,94.2,73.4,94.5,2026-09-24,2026-09-24,37.6,2026-06-29,41.32,2026-09-16,36.81,1.8540791242556336,0.4002669475152212,-0.6694344321745263,-0.6902321147131008,0.041595365077149,False,False,2.146155935886985,0.8769557066322438,2.32,0.488,94.11134237810542
603260,合盛硅业,C,55.63,C,58.67,2,376.53,376.53,-16.59267797,1.2681083,0.5339674282964644,44.81202990799054,38.49789863812772,57.179902427195394,-28.925335305284282,59.0,20.0,20.0,68.4,95.4,2026-09-24,2026-09-24,31.85,2026-07-29,31.65,2026-09-16,31.3,2.2931780252543064,2.2422696413065872,-0.6916699226904086,-0.7567285600167302,0.1301172746526431,False,False,1.7571884984025583,0.8871967299093105,2.01,0.695,109.0275972531691
301696,三瑞智能,C,55.63,C,40.9,2,374.13,28.14,71.09266954,17.63750034,3.6262578966427745,116.26081303668455,43.2044500821239,53.70199266264753,-19.551568962030352,69.1,25.4,48.1,99.6,95.5,2026-09-24,2026-09-24,93.53,2026-07-21,91.325,2026-09-11,89.77,3.220324976746056,3.952765454538482,-1.6430658764799375,-2.2087754040823464,1.1314190552048178,False,False,4.188481675392676,1.027982711475699,1.02,0.441,92.00440037373524
300249,依米康,C,55.55,C,43.55,1,61.02,49.79,166.38384572,9.40270145,1.9970617221686568,16.086537544221734,48.49813904491675,40.97593356003394,-17.260007236417774,78.1,27.7,20.0,94.7,100.0,2026-09-24,2026-09-24,13.31,2026-06-30,14.55,2026-09-11,12.47,0.3391057854604717,0.119024376934506,0.0543659344729388,0.0177307522191586,0.0732703645075602,False,False,6.736166800320769,0.8039369129098838,0.99,0.551,100.13023139834132
603026,石大胜华,C,55.52,C,45.74,1,133.9,133.9,25.65245599,2.4761447,1.5691809576730078,80.45605420912345,27.590569921674064,61.9055723950362,-28.482697087728724,29.3,20.0,92.2,93.2,100.0,2026-09-24,2026-09-24,57.54,2026-06-08,78.0,2026-09-07,59.82,2.622765796362394,4.03048576868118,-1.6222302817860452,-1.4293078990447234,-0.3858447654826435,False,False,-3.811434302908729,0.8004513830635751,2.1,0.582,101.42319002127188
300051,琏升科技,C,55.49,C,64.69,2,30.8,30.46,-24.62417622,29.42732793,5.0102652791940905,10.260973587094973,26.026143813983023,94.35382396595283,-19.305902800358112,26.2,25.7,20.0,94.7,84.1,2026-09-24,2026-09-24,8.28,2026-06-22,8.0,2026-09-03,7.9,1.2420445773731252,0.284706586857398,-0.0004661967276824,-0.00246295137934,0.0039935093033152,False,True,4.8101265822784685,1.174111393440229,1.53,0.781,116.2109055997132
300925,法本信息,C,55.17,C,44.92,1,59.33,48.37,67.87279674,2.63809821,1.0891180843565933,19.09723315453858,38.46748903762939,63.21898327797455,-27.52876875930671,58.6,20.0,50.1,91.6,100.0,2026-09-24,2026-09-24,13.84,2026-06-29,14.35,2026-09-16,13.44,0.667238739451907,0.5710422577103162,-0.2135411265358033,-0.2099398076503351,-0.0072026377709364,False,False,2.976190476190479,0.9043715508154028,0.53,0.57,100.88813411664266
688116,天奈科技,C,55.09,C,53.48,2,123.3,123.3,50.16999233,3.23824449,88.35636586662376,42.32751027921373,43.56007152370965,59.89842646476037,-20.524501020510076,69.5,24.5,61.5,20.0,100.0,2026-09-24,2026-09-24,33.64,2026-06-29,36.477,2026-09-14,31.32,0.7065251820371756,0.1742219521032192,0.0552604582346276,0.0062950808051371,0.0979307548589809,False,True,7.407407407407408,0.780056888403776,108.94,0.621,103.9558235620479
002850,科达利,C,54.92,C,14.02,1,484.67,354.89,25.0131894,3.2056766,0.9355106849280858,178.9865715414884,65.31414171174781,31.119378965802852,-5.4286595121668775,93.4,80.6,92.5,82.7,90.2,2026-09-24,2026-09-24,169.27,2026-07-20,165.51,2026-09-11,163.21,0.5051316345683006,4.38693454897374,-2.733840607286112,-2.800714486664165,0.1337477587561064,False,False,3.7130077813859454,0.8019973932092758,3.32,0.129,61.24820510285661
002580,圣阳股份,C,54.86,C,38.63,1,83.51,83.23,50.05114272,3.41738555,7.146921732117607,21.69425558236569,38.966587624060324,81.49260748260295,-14.032542258975855,59.8,34.1,61.6,89.4,100.0,2026-09-24,2026-09-23,18.65,2026-06-22,20.13,2026-09-14,18.12,1.1776178186139248,0.3460394024136103,-0.3924034012291599,-0.1673176172065164,-0.4501715680452871,False,False,2.924944812362017,0.6446718235976391,6.03,0.48,93.7829983803458
600156,华升股份,C,54.62,C,49.3,1,36.87,36.87,-80.75443035,10.6215805,5.596792099306026,9.699409322343094,37.14713133357291,59.377284599124735,-13.29368912571688,56.2,37.3,20.0,92.7,90.0,2026-09-24,2026-09-23,8.41,2026-06-29,7.95,2026-09-16,7.85,0.6170875937867102,0.0323664759400931,0.103399808772421,0.1042396168690786,-0.0016796161933152,False,True,7.133757961783446,1.7274296578718804,1.89,0.633,104.36663911065054
688636,智明达电子,C,54.28,C,74.45,1,35.49,35.49,30.19348356,2.47423865,275.2025164064689,33.310236651316124,14.228817854536342,108.13163693160102,-38.72754428721965,2.7,20.0,74.9,20.0,88.8,2026-09-24,2026-09-24,20.41,2026-06-29,33.14,2026-09-11,19.67,0.5896349685883919,0.4138732595900145,-0.1156835301122995,-0.2949898693802032,0.3586126785358072,False,False,3.7620742247076686,1.0902078111774314,97.68,0.992,261.8937836362946
600683,京投发展,C,54.17,C,41.29,0,69.04,69.04,-5.45413789,-4.71427044,3.104926511431744,10.064147515815831,28.47942760047491,124.93441318658263,-4.413165795889351,32.4,88.7,20.0,98.6,100.0,2026-09-24,2026-09-23,9.62,2026-06-15,12.0,2026-09-11,9.19,0.401486647139885,0.7890889024252665,-0.1113233635177088,-0.1075033010829756,-0.0076401248694665,False,False,4.678998911860716,0.6311797968018833,2.21,0.59,101.55076025270932
601106,中国一重,C,53.78,C,61.05,1,200.25,200.25,-96.22378675,3.86697379,1.040447047675996,4.089218374535677,24.429951108783417,72.89310895360362,-28.103619549693736,21.1,20.0,20.0,91.4,100.0,2026-09-24,2026-09-23,2.94,2026-06-11,3.38,2026-09-07,3.0,0.182050406144135,0.0608483666868073,-0.0261061792688215,-0.0187997692970833,-0.0146128199434763,False,False,-2.0000000000000018,1.0499458567705362,2.1,0.801,118.2369767950779
605020,永和股份,C,53.72,C,11.56,1,158.56,158.56,19.74179845,2.62574081,1.073883895207185,32.933576391405076,51.246287601938455,55.456965864953325,-5.749683450410981,80.5,78.0,94.9,91.5,100.0,2026-09-24,2026-09-24,31.04,2026-08-25,30.19,2026-09-11,29.78,0.16458934089205,0.2483687770521487,-0.5163565910627099,-0.5312274510119053,0.0297417198983906,False,False,4.231027535258556,0.7320905964662634,1.7,0.094,58.00828896271331
300547,川环科技,C,53.63,C,27.42,1,53.25,43.82,29.49876041,3.91488614,2.5164126253789956,34.49809315545272,44.678399631851065,50.23733354075014,-28.836646450646906,70.7,20.0,90.3,96.6,100.0,2026-09-24,2026-09-24,24.55,2026-06-24,30.174,2026-09-11,24.13,1.0621140677066414,0.0671580962624252,-0.4636011152830441,-0.3433265897275285,-0.2405490511110313,False,False,1.740571902196443,0.9561013100436682,1.1,0.32,84.9431082434555
600152,维科技术,C,53.55,C,62.42,1,40.53,40.53,-42.73644513,2.49038603,1.484805564382471,10.465057129985839,23.889477493643657,76.12788718166367,-26.80403073910056,19.1,20.0,20.0,92.9,93.1,2026-09-24,2026-09-24,7.66,2026-06-12,10.13,2026-09-11,7.68,0.5409225995296723,0.4550697542296542,-0.1049630010764364,-0.0678564046156585,-0.0742131929215558,False,False,-0.2604166666666611,0.9221277025853766,0.6,0.82,119.74146668882894
002176,江特电机,C,53.49,C,42.46,1,141.12,140.91,-30.1410941,4.83046562,1.2393098319533273,10.910479568979882,46.16356767776341,66.47527244367339,-24.01800537192056,73.8,21.0,20.0,92.1,100.0,2026-09-24,2026-09-24,8.29,2026-06-29,9.46,2026-09-11,8.36,0.4316326269746291,0.1192278359280151,-0.1614697462250482,-0.1184077288259473,-0.0861240347982018,False,False,-0.8373205741626829,0.727114249147648,1.75,0.535,99.38206700130296
600166,福田汽车,C,53.46,C,16.29,2,218.52,218.52,14.64266608,1.37961534,0.7802838954247368,3.1018551730681803,75.45355955927587,27.99985554185372,-11.020990794036223,96.5,47.0,92.3,77.2,100.0,2026-09-24,2026-09-24,2.76,2026-08-25,2.82,2026-09-16,2.73,0.0035595085423594,0.0265432145652871,-0.050398052961099,-0.0451156715039598,-0.0105647629142782,False,False,1.0989010989010917,0.7209116615951454,1.71,0.09,57.71192790766899
301588,美新科技,C,53.45,C,50.47,2,31.76,19.6,97.01062056,3.30767427,2.7518027293188365,31.999957123003206,31.723025959076995,89.16536877038664,-16.499888117686577,43.0,28.5,31.9,97.4,85.1,2026-09-24,2026-09-24,26.72,2026-08-03,28.7,2026-09-11,26.54,1.651618326911148,3.2057076837586127,-0.9075515858994904,-1.0296739005911602,0.2442446293833393,False,False,0.6782215523737744,0.8736357509658189,0.54,0.578,101.27627090056774
002432,九安医疗,C,53.08,C,15.47,2,287.54,269.8,6.51019989,1.24257455,2.3421076885148757,66.94827307890085,47.93513443252376,65.1073890023149,-7.869169489543082,77.3,61.0,88.3,95.9,100.0,2026-09-24,2026-09-24,61.68,2026-06-12,60.51,2026-09-14,58.7,0.3782427844963436,1.767895946032609,-1.797251910734076,-1.8824862423185056,0.1704686631688594,False,False,5.076660988074952,0.8840988729302719,6.32,0.078,55.70754462613227
002471,中超控股,C,52.89,C,64.88,1,75.56,74.19,-179.98788709,4.18514246,7.890904336062494,7.434149421244788,17.39655937859365,62.66073274719247,-25.748062256788483,7.0,20.0,20.0,86.4,100.0,2026-09-24,2026-09-24,5.52,2026-06-29,5.8,2026-09-17,5.33,0.4825240405767408,0.140791973134065,0.0105952160261209,0.0239016051762366,-0.0266127783002315,False,True,3.564727954971848,1.773289722951952,5.85,0.855,124.29277464703976
002782,可立克,C,52.73,C,41.17,2,74.06,73.26,33.5548705,3.37752507,1.3958544802458994,21.052666056402487,29.59060784683099,70.57505650706324,-28.94011637328755,37.9,20.0,72.6,92.6,100.0,2026-09-24,2026-09-24,14.96,2026-06-12,21.86,2026-09-11,14.53,0.1562328235382644,1.5609775481105477,-0.0989224818203418,-0.1378537611329192,0.0778625586251549,False,False,2.959394356503796,0.9797360850282976,1.02,0.445,92.04130005985824
002364,中恒电气,C,52.66,C,46.84,1,196.8,194.91,146.99522402,7.95238422,2.7554436818025025,39.9424823318043,29.747463064081316,74.92746825122629,-12.574286921083855,38.7,40.4,20.0,97.4,100.0,2026-09-24,2026-09-24,34.92,2026-07-21,33.99,2026-09-11,33.62,2.346520156552316,3.1801417040361697,-1.0564529228533814,-1.2135267061082815,0.3141475665098001,False,False,3.866745984533029,0.8223286578173988,5.37,0.598,102.11420441635435
688099,晶晨半导体,C,52.6,C,27.77,2,378.96,378.96,38.3867343,4.7531092,171.50205720851906,95.7017383263521,73.89501945102725,32.7123537240349,-6.459379353457284,96.1,72.3,69.4,20.0,95.2,2026-09-24,2026-09-24,89.52,2026-06-12,86.6,2026-09-11,83.11,0.897401293705741,4.745384966890002,-0.8854346880914079,-1.6007279542736457,1.4305865323644755,False,False,7.712669955480685,1.2168901670608956,649.92,0.254,78.32358842264335
301216,万凯新材,C,52.53,C,31.25,1,98.92,92.86,14.64725708,1.50766853,2.3451427262981666,21.20728822249356,33.32889661776126,62.12278607826997,-19.60311086866883,47.3,25.4,92.3,96.0,100.0,2026-09-24,2026-09-24,17.05,2026-06-15,23.4,2026-09-11,16.78,0.9498675811582408,0.0232791918467594,-0.2628460892149924,-0.0801027077701957,-0.3654867628895932,False,False,1.6090584028605457,0.4956607709493603,2.18,0.375,87.9262638364139
300231,银信科技,C,52.46,C,57.3,2,36.56,36.56,125.9453841,2.30303658,1.6316421662728613,9.928888214263216,25.645010597901223,40.47498816246149,-17.211274589720272,23.8,27.8,20.0,93.5,89.7,2026-09-24,2026-09-24,8.22,2026-06-11,8.11,2026-09-11,7.81,0.5308367951237738,0.255309002383132,-0.0458886036511163,-0.0668546503137326,0.0419320933252325,False,False,5.249679897567235,0.8844172609498325,0.6,0.676,107.85587496210508
300342,天银机电,C,52.43,C,62.23,2,134.91,133.42,680.90677074,8.5773896,6.122153487311599,44.29649187836542,19.175476184196835,109.09297445905423,-28.34647021900636,9.0,20.0,20.0,90.8,100.0,2026-09-24,2026-09-24,31.74,2026-06-24,40.72,2026-09-11,30.78,2.500854563594565,1.1836070168341877,-0.6487881412015177,-0.7908952640978378,0.2842142457926402,False,False,3.118908382066268,1.2664206702322711,8.17,0.746,114.46628294510364
300748,金力永磁,C,52.3,C,29.14,2,349.5,286.25,40.50348002,4.57509199,0.9351383542350205,33.41144515070407,52.59808421610591,44.84476813797777,-24.307374655815895,82.4,20.7,68.0,82.7,96.9,2026-09-24,2026-09-24,25.29,2026-06-11,28.81,2026-09-11,24.24,0.4737738051178191,0.6010239499541615,-0.4109002000313957,-0.4693174631513507,0.1168345262399099,False,False,4.331683168316835,0.911123120668682,2.68,0.273,80.11659509271585
300258,精锻科技,C,52.3,C,37.5,4,52.36,51.01,129.36533296,1.1219435,1.468207398185339,13.055888205173513,51.36593888710921,52.109248253201315,-31.44855517027573,80.9,20.0,20.0,92.9,100.0,2026-09-24,2026-09-24,8.95,2026-07-27,9.08,2026-09-16,8.69,0.3628528203134422,0.0637334106934154,-0.271422007390969,-0.2816803490973554,0.0205166834127727,False,False,2.9919447640966603,0.9945846894401444,0.75,0.25,77.43766779462469
000551,创元科技,C,52.04,C,21.21,2,58.85,58.8,18.77346622,1.9213529,1.2472490176494593,15.105977632281201,47.17837295178177,55.446664518480034,-19.63446328652678,75.4,25.4,94.4,92.1,100.0,2026-09-24,2026-09-24,12.14,2026-08-25,12.02,2026-09-11,11.74,0.0334252049837875,0.0800849275758885,-0.2363923203466278,-0.3195776378073346,0.1663706349214135,False,False,3.4071550255536653,0.9437329008305776,0.73,0.16,64.95737176016877
600332,白云山,C,51.99,C,20.66,2,315.24,272.6,12.30020916,0.80558236,0.34051716482029926,22.547147223311953,67.5495199750178,24.481570651946445,-14.0024243069106,94.1,34.2,91.2,61.4,99.0,2026-09-24,2026-09-24,19.39,2026-09-02,19.76,2026-09-16,19.31,0.0195961708938376,0.2509255992230215,-0.2842933535382386,-0.3090367239342392,0.0494867407920013,False,False,0.4142931123770163,0.7981621926965431,0.93,0.152,64.51670394052964
688390,固德威电源,C,51.85,C,64.41,2,138.09,138.09,31.52950693,4.51115738,195.66447587416107,84.51627752905914,19.291650479502348,92.60966132844057,-32.794011212253736,9.8,20.0,74.0,20.0,100.0,2026-09-24,2026-09-24,56.8,2026-07-29,60.77,2026-09-11,56.41,10.141785141136468,2.099795137302056,-2.1949053982116595,-2.4548511554125976,0.5198915144018761,False,False,0.6913667789399053,0.8323069768449178,270.2,0.777,115.79475293928232
688376,美埃科技,C,51.76,C,49.02,1,85.29,85.29,80.11187942,4.28060619,54.85067186908603,72.69943600292186,40.89351995143621,84.98006789116134,-13.259299566690498,64.8,37.4,42.4,20.0,100.0,2026-09-24,2026-09-24,63.06,2026-07-21,60.88,2026-09-11,58.9,3.350339334630121,8.695984347526442,-1.2106966225939004,-1.6115690523665127,0.8017448595452246,False,False,7.062818336162994,1.0349846956310127,46.78,0.629,104.21262429117554
300490,华自科技,C,51.53,C,57.85,2,42.22,41.6,-762.58811774,1.87314728,1.6311866119538485,14.592929623545793,23.46802233539242,63.876444556718724,-27.430610074943672,18.0,20.0,20.0,93.5,94.5,2026-09-24,2026-09-24,10.59,2026-06-11,13.51,2026-09-11,10.3,0.9682550359079016,0.5799956019203161,-0.2181318303199244,-0.2398504731967491,0.0434372857536493,False,False,2.815533980582516,0.8891621949108534,0.68,0.684,108.25496608993458
600478,科力远,C,51.3,C,37.81,1,74.7,74.7,51.28476899,2.53942254,1.334154768952353,6.607642576740027,32.78812644631849,49.520210866119065,-32.19972254900216,46.5,20.0,60.7,92.4,100.0,2026-09-24,2026-09-23,4.48,2026-06-29,4.84,2026-09-11,4.6,0.2749920537785257,0.0155389337066061,-0.0954544949028042,-0.0728150433724189,-0.0452789030607706,False,False,-2.608695652173896,1.149003754113732,1.01,0.469,93.20907139159164
002361,神剑股份,C,50.96,C,59.77,2,96.43,85.63,-232.35773826,4.45364074,10.339967254224545,14.541643584405449,22.81354182682029,86.76643251948428,-30.26923028924873,16.0,20.0,20.0,76.6,100.0,2026-09-24,2026-09-24,10.14,2026-06-26,13.08,2026-09-16,9.88,0.7096541343180753,0.4312364328972173,-0.1796212851348748,-0.2082662267044624,0.0572898831391752,False,False,2.631578947368419,0.8460851969679213,8.85,0.711,110.00731639704608
002931,锋龙股份,C,50.63,B,58.01,4,88.45,82.0,1650.39786207,8.6633303,1.5108907992382785,57.7585260065277,19.048373400172704,141.99820164185778,-29.274510926086904,8.2,20.0,20.0,93.0,100.0,2026-09-24,2026-09-23,40.85,2026-07-30,40.42,2026-09-14,39.91,3.8974928839035456,3.547753140052258,-2.023020180132072,-2.1199462982608237,0.193852236257503,False,False,2.355299423703345,0.8785286456025942,1.25,0.543,99.85551820941345
002858,力盛体育,C,50.62,B,49.73,3,21.77,17.19,-365.57901981,2.55696019,4.00612753581336,14.033021109854998,31.651020573672383,45.617131858309705,-16.91026537534738,42.2,28.1,20.0,98.2,72.8,2026-09-24,2026-09-24,11.66,2026-06-16,11.6,2026-09-16,10.96,0.8558614230668269,0.045294526871135,-0.0525059129269358,-0.0097990412529875,-0.0854137433478966,False,True,6.386861313868606,0.8522937718964891,0.69,0.496,95.22221613194166
000970,中科三环,C,50.51,C,28.4,3,138.35,138.35,143.31074417,2.11555965,1.017918701308967,13.75754376836739,62.72795677589941,33.29328511720426,-17.281745988946483,92.2,27.7,20.0,91.3,100.0,2026-09-24,2026-09-24,11.38,2026-08-03,11.96,2026-09-16,11.07,0.0577015546887071,0.5306483860662666,-0.3138167278299697,-0.3749132637349347,0.12219307180993,False,False,2.800361336946707,0.9055847560777492,1.41,0.191,68.90575525439088
603211,晋拓科技股份,C,50.45,C,43.16,3,53.76,53.76,98.94080638,4.27016253,1.1962856133741464,26.66129851270395,32.32094073886851,63.810820868708454,-24.684838623175096,44.9,20.3,30.7,91.9,100.0,2026-09-24,2026-09-23,20.08,2026-07-30,20.21,2026-09-11,19.37,1.3446193454442934,2.7597180993078707,-1.2071081498780885,-1.4102560092496468,0.4062957187431166,False,False,3.6654620547237857,0.900931152890902,0.65,0.402,89.85445235858693
301219,腾远钴业,C,50.25,C,20.86,1,153.32,109.43,10.06899865,1.54511627,1.5484913463210173,53.59616195141,44.38622792878806,44.88823383378491,-25.274499998135834,70.3,20.0,90.0,93.2,100.0,2026-09-24,2026-09-24,40.05,2026-07-29,42.25,2026-09-16,39.95,2.0319127742898644,0.2729889960016858,-1.517419643773103,-1.5111838504420632,-0.012471586662079,False,False,0.2503128911138781,0.8538032097049968,1.69,0.227,75.14268302975043
600338,西藏珠峰,C,50.01,C,28.24,1,110.25,110.25,19.46974593,2.32113415,2.2554113618215634,17.024533443947654,31.365399959309748,74.04700296791479,-29.161054311961664,41.8,20.0,94.7,95.6,100.0,2026-09-24,2026-09-24,12.06,2026-06-29,14.31,2026-09-16,12.3,0.8036362199113878,0.0661345728803247,-0.3399710150591826,-0.2495136015848617,-0.1809148269486417,False,False,-1.951219512195124,0.6847154047983339,2.49,0.332,85.34237889297435
301076,新瀚新材,C,49.96,C,36.8,2,48.26,32.22,71.03276154,3.98368983,1.9409559009594761,30.147075898569973,33.8139630141179,70.17964215096923,-29.84394217482549,48.4,20.0,48.1,94.5,98.8,2026-09-24,2026-09-24,21.15,2026-06-29,23.88,2026-09-11,19.61,0.6617981554015593,0.518624453407303,-0.2017548419584471,-0.2954855512702998,0.1874614186237052,False,False,7.853136155022944,0.6616386317437192,0.63,0.383,88.2936647855276
000063,中兴通讯,C,49.93,C,24.49,2,1526.9,1285.62,46.08828243,2.02644784,1.3132640075426039,37.8677439525415,73.6351970738538,38.139303101138516,-15.706623452391643,95.7,29.3,64.2,92.3,59.7,2026-09-24,2026-09-24,31.92,2026-07-30,33.06,2026-09-14,31.8,0.191361358360858,0.608415618242246,-0.5180474831679405,-0.55508636212695,0.0740777579180189,False,False,0.3773584905660408,1.1393977662789896,16.88,0.207,72.17568396717493
002812,恩捷股份,C,49.89,C,37.62,2,454.35,380.87,43.02628218,1.74409257,1.0010200837755039,60.220429447214556,30.236023823516327,62.949865780514244,-23.115792389717736,39.1,21.9,66.3,91.3,91.5,2026-09-24,2026-09-24,46.3,2026-07-20,46.95,2026-09-16,45.72,2.984759511817707,1.4516272373328176,-1.7796714900860169,-1.813570018997203,0.0677970578223727,False,False,1.2685914260717372,0.7772104938637882,3.81,0.395,89.02361304735481
002150,正泰电源,C,49.87,C,40.23,4,76.32,75.82,30.24521926,3.52197833,1.7383603419624607,26.02592736124629,22.49301638558331,66.46385453819883,-18.734884231279125,15.2,26.3,74.8,93.8,100.0,2026-09-24,2026-09-24,21.15,2026-07-21,20.06,2026-09-15,19.74,0.8103645810442863,0.2361997596584696,-0.1927550374984896,-0.3669548139903684,0.3483995529837574,True,False,7.142857142857144,0.9755146358217556,1.32,0.289,81.12773076354637
600791,京能置业,C,49.7,C,59.14,1,31.34,31.3,-2.79557462,-4.49258691,3.8788566773799396,9.095533594835457,15.120107727320287,112.1273283002745,-22.819261489111188,3.5,22.2,20.0,98.7,84.7,2026-09-24,2026-09-23,7.02,2026-06-17,9.55,2026-09-16,6.59,0.8778531760678421,1.1053528213104635,-0.1325344951589366,-0.1181047929346041,-0.028859404448665,False,False,6.525037936267067,0.6484059542400351,1.23,0.773,115.63943723187728
601236,红塔证券,C,49.67,C,11.37,2,323.36,323.36,30.7062533,1.327221,0.3666001115180775,7.440951451286515,78.37645331299848,27.815511112890114,-7.404314554306868,96.9,64.8,74.5,62.4,98.5,2026-09-24,2026-09-24,6.89,2026-08-24,6.67,2026-09-16,6.62,0.0073713923896754,0.0041513897680796,-0.0062431269383989,-0.0194317050456641,0.0263771562145305,False,False,4.078549848942592,1.1650699515128409,1.19,0.02,40.2712511637478
002527,新时达,C,49.61,C,35.78,3,71.28,60.06,-933.60562338,5.77604057,1.541319269237858,14.842993846127662,42.543897544055866,61.660904507437806,-27.575257987427303,68.0,20.0,20.0,93.1,100.0,2026-09-24,2026-09-24,10.75,2026-06-29,11.77,2026-09-16,10.3,0.1451032100031479,0.4017441146250532,-0.1743369674875623,-0.1755480265708399,0.0024221181665552,False,False,4.368932038834944,0.9189359093316064,0.93,0.297,82.27453499014227
002796,世嘉科技,C,49.58,C,56.41,1,73.59,66.52,-139.79829106,8.84843155,3.0626133003526523,37.726896994088555,8.622124448479571,105.07076620677074,-22.70766396566064,0.8,22.3,20.0,98.5,100.0,2026-09-24,2026-09-24,29.16,2026-06-12,38.88,2026-09-14,27.23,2.695925953943324,1.4614214776707812,0.1423584287379924,-0.0031079740533046,0.2909328055825941,False,False,7.087770840984208,1.1612476475684403,2.04,0.734,112.24069621237086
300751,迈为股份,C,49.38,C,37.27,1,542.46,375.09,93.54890335,6.74350737,1.6390012183356468,219.74896619169732,31.987837295972497,92.56645762345724,-11.489913526906637,43.8,45.0,34.0,93.5,87.9,2026-09-24,2026-09-24,194.5,2026-06-24,203.501,2026-09-14,180.181,10.629286497472805,0.5568795342464137,0.5015733194364032,0.3644896728534531,0.2741672931659,False,False,7.947008841109766,0.9357941298853204,6.15,0.461,92.9542138939012
688327,云从科技,C,49.28,C,49.1,2,102.85,82.57,-25.42315232,14.2289586,120.21786456409582,13.647617269256202,46.3487992986814,52.64576341642194,-27.53313780069825,74.6,20.0,20.0,20.0,100.0,2026-09-24,2026-09-24,9.89,2026-07-27,9.75,2026-09-14,9.51,0.4844608083041795,0.17488575213761,-0.1644344938820143,-0.2136932818468529,0.0985175759296771,False,False,3.9957939011566856,0.9429002384757098,99.26,0.559,100.33625261089564
600389,江山股份,C,49.21,C,33.98,1,77.99,77.99,14.35171011,1.81367132,1.8027632648322305,23.032617016531567,23.9092770161211,53.86668043838744,-21.372373851388137,19.5,23.6,92.2,94.1,100.0,2026-09-24,2026-09-24,18.11,2026-08-21,18.11,2026-09-17,17.83,0.2298489094344908,0.201300017120173,-0.1807174582215935,-0.1418928385492438,-0.0776492393446994,False,False,1.5703869882221042,0.7359633664394805,1.41,0.414,90.57550236059456
000899,赣能股份,C,49.09,C,26.33,1,87.62,87.62,10.52978419,1.44156636,0.8549031598301471,11.918920637793526,36.99305985242787,42.675649957144316,-24.657607237307598,54.7,20.3,90.3,79.8,100.0,2026-09-24,2026-09-24,8.98,2026-07-09,9.35,2026-09-07,9.29,0.4624285997882342,0.1708605415796666,-0.2407911593927494,-0.2229445962295595,-0.0356931263263797,False,False,-3.336921420882656,0.7767873073269702,0.75,0.305,82.85525930065029
688282,理工导航,C,49.02,B,62.03,3,48.92,48.92,-240.36364297,3.80768198,60.610042960455736,69.33568642795686,28.58096274376878,62.45816768698652,-22.95453791244142,33.2,22.0,20.0,20.0,99.3,2026-09-24,2026-09-23,53.42,2026-06-29,54.98,2026-09-14,50.0,4.876737485458051,1.290712279539527,-0.7372098726154235,-0.8175401574892612,0.1606605697476755,False,False,6.840000000000003,0.8462643732334826,28.85,0.672,107.43501108851926
001896,豫能控股,C,49.0,C,26.05,1,164.63,164.63,46.6883774,4.55572781,4.177616985259611,15.022893949832861,39.157361649807605,101.43962977254004,-28.17628856309643,60.9,20.0,63.8,97.6,100.0,2026-09-24,2026-09-24,10.79,2026-08-21,11.59,2026-09-03,11.44,0.0528394849294251,0.1106867118158629,-0.3212910257498169,-0.2887515400635807,-0.0650789713724724,False,False,-5.681818181818185,1.0114342951229032,6.88,0.301,82.44150669864194
300735,光弘科技,C,48.99,C,20.74,3,150.54,140.47,61.49997875,2.73094793,0.9270401213707934,22.535638457643795,58.415116705883186,46.044758683668704,-18.040928661884813,88.7,27.0,54.1,82.4,100.0,2026-09-24,2026-09-24,18.47,2026-07-30,18.22,2026-09-16,17.37,0.2134774597074766,0.2206810000610219,-0.4415252783024428,-0.5009780499534813,0.1189055433020769,False,False,6.332757628094403,0.8652634080504733,1.3,0.082,56.41412973775715
000682,东方电子,C,48.97,C,11.84,1,139.44,139.42,13.77198694,2.23043873,0.6269282322007784,12.797861533125962,80.10637297573227,25.051294040474453,-18.736423479183152,97.7,26.3,91.9,71.7,100.0,2026-09-24,2026-09-24,10.4,2026-07-17,11.323,2026-09-16,10.51,0.0740988174345123,0.0683966459819035,-0.2859872900581877,-0.2692532105656201,-0.0334681589851351,False,False,-1.0466222645099852,0.9503129126174746,0.87,0.098,58.17065267666178
300403,汉宇集团,C,48.94,C,34.88,2,53.85,39.13,25.8936534,2.40121106,2.1043643626797817,12.169220488476677,22.96967493545925,62.17691067569962,-26.618142809919267,16.8,20.0,92.1,95.1,100.0,2026-09-24,2026-09-24,8.93,2026-06-29,8.55,2026-09-16,8.36,0.3368027067898698,0.115012382657051,-0.1522459916578018,-0.1492573790177904,-0.0059772252800227,False,False,6.818181818181822,0.9590385553001666,0.82,0.355,86.58864709247747
600771,广誉远,C,48.72,C,27.66,4,66.82,66.82,94.31406472,4.00730273,1.1402044965712668,15.744327821087325,39.87575720792696,37.816219049502294,-12.222356158704706,63.7,41.9,33.6,91.7,100.0,2026-09-24,2026-09-23,13.82,2026-09-03,13.45,2026-09-16,13.26,0.0719611209821895,0.0082980723032247,-0.0471951313553535,-0.0942034616775072,0.0940166606443072,True,False,4.223227752639521,1.0396036727103672,0.77,0.109,59.36842994359691
301517,陕西华达,C,48.66,C,51.02,2,56.96,36.74,-62.82781232,4.5527198,4.154203134607787,58.80440478266607,21.81618801511399,71.03824012173035,-35.95717848146448,12.9,20.0,20.0,97.7,100.0,2026-09-24,2026-09-24,37.66,2026-06-29,46.45,2026-09-11,36.27,2.416682675762104,0.1060781269986783,-0.395587364133604,-0.5885232559569118,0.3858717836466154,False,False,3.8323683484973614,1.6963148022379613,1.53,0.586,101.43426646880266
002049,紫光国微,C,48.65,C,20.12,2,511.0,510.93,33.11947399,3.60927398,0.8801714105979124,76.35635917584614,55.39045216698034,33.41404191527154,-20.63529396361051,85.9,24.4,72.9,80.7,89.1,2026-09-24,2026-09-24,60.6,2026-08-25,60.2,2026-09-11,58.5,0.5240937689938363,0.1737565916657759,-1.0876058846181564,-1.4279498104091162,0.6806878515819195,False,False,3.589743589743592,1.0721811811943156,4.5,0.145,63.41746177010475
300229,拓尔思,C,48.59,C,47.73,2,112.44,112.36,-28.91336303,3.05922744,1.4918154615614556,18.736204242191032,25.933709930402127,75.81442961002048,-31.309459303295007,25.4,20.0,20.0,93.0,100.0,2026-09-24,2026-09-24,12.87,2026-06-11,14.91,2026-09-11,12.64,0.5642790107882725,0.355954079141407,-0.1842618369598216,-0.1994173494055711,0.0303110248914988,False,False,1.8196202531645465,0.8851683655901404,1.68,0.539,99.7754187357056
001369,双欣材料,C,48.33,C,8.55,1,141.08,25.52,26.71312367,2.00487018,2.1569659924596185,15.16431994558819,57.30155762982393,41.02392323670083,-18.88854861850574,87.9,26.1,91.6,95.3,100.0,2026-09-24,2026-09-24,12.3,2026-08-21,12.12,2026-09-11,11.92,0.0234152242148191,0.0330469152691265,-0.0711971818120886,-0.1000947639364286,0.05779516424868,False,False,3.1879194630872547,1.005939346393924,0.55,0.051,49.50378570755919
000837,秦川机床,C,48.21,C,28.12,3,98.32,96.81,178.66419509,1.98360309,0.6901148841162436,11.713418930598754,58.77835887190568,39.27822373537594,-17.957343992060515,89.8,27.0,20.0,73.9,100.0,2026-09-24,2026-09-24,9.61,2026-06-29,10.01,2026-09-16,9.35,0.0613127401000728,0.2744210393570529,-0.1288488548051116,-0.1360289715495264,0.0143602334888295,False,False,2.780748663101602,0.9446908248603408,0.67,0.188,68.11084067834197
003021,兆威机电,C,48.18,C,32.15,2,187.2,145.47,86.80173882,3.69237859,1.2631651974592237,102.06127886597747,38.37442919722178,64.48077040086983,-31.541128255162942,57.8,20.0,38.2,92.2,100.0,2026-09-24,2026-09-24,69.87,2026-07-30,72.66,2026-09-16,65.6,2.5503113949971947,0.8070619304228392,-1.546823756471241,-2.0451060706038,0.9965646282651166,False,False,6.50914634146343,1.0390225661756107,1.84,0.316,83.44191631600187
688039,当虹科技,C,48.15,C,57.77,1,36.31,36.31,-30.97706054,3.52686056,136.56053831639636,45.306961423921436,33.7919430444508,62.87685714758546,-27.53872921906826,48.0,20.0,20.0,20.0,89.5,2026-09-24,2026-09-24,32.83,2026-06-30,34.34,2026-09-16,31.6,1.5289971863843803,1.260619272126201,-0.2666407076346218,-0.3011153341037916,0.0689492529383397,False,False,3.892405063291129,0.6991096301140608,49.59,0.754,114.83823174626598
301269,华大九天,C,47.95,C,34.34,2,479.72,479.72,3732.58702339,9.26546209,0.5421512681691699,106.00392566634515,49.11630237593428,40.95325657677285,-17.399285498537775,78.9,27.6,20.0,68.6,90.4,2026-09-24,2026-09-24,87.56,2026-07-30,85.18,2026-09-16,83.48,2.83788820633788,3.7527241185105,-1.931025590583076,-2.1903231098000933,0.518595038434035,False,False,4.887398179204597,0.8586996166171544,2.6,0.348,86.09551676769969
603516,淳中科技,C,47.92,C,34.8,1,168.06,168.06,37.24836546,9.26868086,1.3759648154447157,139.39114362345964,26.47686758546859,96.387969648624,-40.68489729638397,26.6,20.0,70.1,92.6,100.0,2026-09-24,2026-09-24,82.68,2026-07-30,86.72,2026-09-11,81.43,6.257725663280809,1.837516166617954,-3.15157027215902,-3.0751335906861024,-0.1528733629458356,False,False,1.535060788407221,0.7745175730051728,2.31,0.426,90.97120780253536
300446,航天智造,C,47.81,C,28.05,2,107.11,105.96,14.62343505,1.81932141,0.5246959243272851,20.4248937164043,33.421932202747016,66.67673374999984,-37.967853463912704,47.7,20.0,92.3,68.0,100.0,2026-09-24,2026-09-24,12.67,2026-08-24,12.71,2026-09-16,12.54,0.1546516674504552,0.0507199219121662,-0.1950487099900879,-0.2185818356539557,0.0470662513277356,False,False,1.0366826156299902,0.8972237690612314,0.56,0.258,78.44700769947616
301228,实朴检测,C,47.68,C,32.89,1,67.46,65.96,-162.3688373,11.19900648,1.9844166355216766,54.73531460473957,19.19683414008774,88.42130537129309,0.7576194605895648,9.4,100.0,20.0,94.7,100.0,2026-09-24,2026-09-24,55.15,2026-07-29,57.78,2026-09-15,55.11,2.646816702129165,2.256271953218394,-1.810267113223098,-1.691631166388378,-0.23727189366944,False,False,0.0725821085102506,0.7782712069872818,1.31,0.398,89.83915099363209
688597,煜邦电力,C,47.63,B,60.94,3,21.04,21.04,318.07530154,2.77029675,167.1535852693283,8.187251279615055,32.63462898432108,49.04214833433759,-23.173238670943284,45.7,21.8,20.0,20.0,71.7,2026-09-24,2026-09-23,6.29,2026-06-29,6.23,2026-09-16,5.97,0.4206445703487205,0.2574651897412241,-0.0947270475575665,-0.1062844884276534,0.0231148817401736,False,False,5.360134003350089,1.1018061916682762,35.33,0.656,106.01257913706964
002797,第一创业,C,47.57,C,5.27,1,260.97,260.97,25.00361724,1.5094676,0.6507233961545783,7.134097556347061,84.57856165740147,21.605552565849038,-12.953250905924474,98.8,38.8,92.5,72.5,100.0,2026-09-24,2026-09-24,6.21,2026-08-21,6.25,2026-09-16,6.16,0.0014142414683391,0.0019242258015969,-0.0566621494845858,-0.046683904250746,-0.0199564904676795,False,False,0.8116883116883088,0.7238659103206713,1.7,0.004,33.0351698840357
601231,环旭电子,C,47.5,C,36.99,1,607.98,607.98,29.83990857,2.71389851,1.1108670796116764,32.60531860952242,21.41270026910807,66.04121356468366,-21.94524977723329,12.1,23.1,90.1,91.6,85.6,2026-09-24,2026-09-24,25.45,2026-06-12,33.47,2026-09-04,24.48,0.5139751023847765,1.6845162880681328,-0.0885114323239655,-0.1459535644266884,0.1148842642054457,False,False,3.9624183006535896,0.9488030848674176,6.75,0.457,92.68046784178192
600481,双良节能,C,47.19,C,39.45,1,82.16,82.16,-6.39531934,2.06623878,2.9556080758750074,6.447031275695051,29.534454826332034,90.19423006607975,-37.18038851047187,37.5,20.0,20.0,98.1,100.0,2026-09-24,2026-09-23,4.05,2026-06-24,4.26,2026-09-16,4.03,0.4062947262598753,0.0107751963105937,-0.0538227166357101,-0.0358645803180246,-0.0359162726353709,False,False,0.4962779156327437,1.0235026096400257,2.47,0.492,95.1082323588097
301413,安培龙,C,46.99,C,46.09,2,76.32,42.43,146.44889674,6.15404703,4.9601335956199994,86.4918688412278,23.63020826168929,81.3759739789362,-35.77430948801379,18.4,20.0,20.0,94.9,100.0,2026-09-24,2026-09-24,55.55,2026-06-29,62.47,2026-09-14,53.03,3.979077951960505,3.0116122846523714,-1.6854829355600458,-1.8920540517070623,0.4131422322940334,False,False,4.752027154440875,1.0354002402295448,2.1,0.516,97.585786919966
000762,西藏矿业,C,46.84,C,26.6,1,109.11,109.11,241.61040376,3.65038112,1.2427596620094639,28.68565795937732,47.977450944730556,57.03346468652286,-26.966988068853205,77.7,20.0,20.0,92.1,100.0,2026-09-24,2026-09-24,20.95,2026-06-29,24.99,2026-09-16,20.9,0.7133152536457601,0.1411036905225549,-0.429568399601397,-0.3823166166457409,-0.0945035659113121,False,False,0.2392344497607689,0.7088823022686317,1.36,0.309,83.16734628331581
000778,新兴铸管,C,46.72,C,5.55,1,141.49,139.0,15.46532105,0.53969521,0.9300822664202383,4.170380695269208,57.898661794708005,32.761467691835065,-13.916731772894975,88.3,34.6,92.7,82.5,100.0,2026-09-24,2026-09-23,3.59,2026-08-25,3.58,2026-09-16,3.56,0.0013633377231232,0.0003104200433123,-0.0359342884527449,-0.0282593055628936,-0.0153499657797025,False,False,0.8426966292134775,0.6523189312152206,1.3,0.008,33.20284170122364
688081,兴图新科,C,46.51,C,60.04,2,27.05,27.05,-39.26249668,7.41670096,88.13965450310559,37.112885346328234,29.44266368060037,80.41388946600041,-29.269848584820302,36.7,20.0,20.0,20.0,79.9,2026-09-24,2026-09-24,26.25,2026-07-30,25.04,2026-09-11,24.5,3.596584167331347,0.8584726988035438,-0.7921242025240822,-1.0105417105509775,0.4368350160537906,False,False,7.142857142857142,0.7995597185515553,23.84,0.715,110.17239565627514
688165,埃夫特智能,C,46.48,C,42.34,3,77.28,77.28,-19.20785916,6.64049644,74.44802407144773,20.281578427747043,47.30791944309319,55.134058367423144,-26.978070011855813,76.2,20.0,20.0,20.0,100.0,2026-09-24,2026-09-24,14.81,2026-07-27,15.09,2026-09-16,14.2,0.5351019196411873,0.6646495421122245,-0.4800554089850468,-0.544810126305466,0.1295094346408383,False,False,4.295774647887333,1.0329065123148151,57.53,0.391,88.95015879384081
601336,新华保险,C,46.3,C,10.2,1,1796.23,1200.8,4.05672102,1.45352323,0.5839632813294872,63.02967129475744,78.8270568123268,35.58920786139168,-8.646199770378182,97.3,57.2,87.0,70.1,56.9,2026-09-24,2026-09-24,57.58,2026-08-19,57.36,2026-09-16,56.77,0.2222096792260117,0.133946099718735,-0.5821033075894633,-0.4392437476557834,-0.2857191198673597,False,False,1.4268099348247227,0.6513301985312167,7.01,0.074,55.67213721568108
002085,万丰奥威,C,46.24,C,29.41,2,200.44,200.44,22.15284743,2.91728509,1.0873040533669533,13.746520361182112,22.90916914912945,59.022555943415746,-31.3280761096678,16.4,20.0,93.9,91.6,100.0,2026-09-24,2026-09-24,9.44,2026-07-20,9.55,2026-09-17,9.32,0.4070894427911753,0.0540386070872178,-0.2394720307876756,-0.2001885855716476,-0.078566890432056,False,False,1.2875536480686611,1.1584709613065007,2.18,0.277,80.24171553075794
688375,国博电子,C,45.54,C,54.57,2,410.54,410.54,101.5411172,6.5045011,35.48527058635615,100.34742683215624,29.22370928541575,66.84298129425062,-31.358479061739665,35.5,20.0,20.0,23.0,93.6,2026-09-24,2026-09-24,68.88,2026-07-29,69.98,2026-09-16,68.77,4.394130526695548,4.6773711980063615,-2.366923766137262,-2.4779122973141865,0.221977062353849,False,False,0.1599534680820117,1.010870702169293,145.68,0.637,104.72087252880208
000422,湖北宜化,C,45.2,C,7.46,1,128.15,125.82,17.57804571,2.09142637,0.8271351283262918,14.931485490870156,52.272291822352045,37.134359830335356,-21.039336593743574,81.2,24.0,93.8,78.8,100.0,2026-09-24,2026-09-24,11.79,2026-07-23,12.47,2026-09-16,11.63,0.0580027853287816,0.0291282723687586,-0.2582010303619331,-0.2316316810572831,-0.0531386986092998,False,False,1.3757523645743623,0.5413829978623572,1.04,0.035,46.10095833609962
603218,日月股份,C,45.05,C,20.82,4,95.88,95.79,22.19296247,0.91148072,0.7888241888590792,12.370142065203103,31.755229011343154,46.40725921083565,-24.738131939577357,43.4,20.3,93.9,77.5,100.0,2026-09-24,2026-09-24,9.31,2026-09-02,9.17,2026-09-15,9.09,0.0015843391864596,0.0320914884500968,-0.090535132894594,-0.1041599734726712,0.0272496811561543,False,False,2.420242024202428,0.8826809352094168,0.76,0.012,40.030079219474246
300769,德方纳米,C,44.8,C,47.11,1,112.24,100.86,444.21548525,2.07238808,1.833998990712735,54.24186069756182,11.384204020380142,68.35463151179711,-26.145601414074083,1.2,20.0,20.0,94.2,100.0,2026-09-24,2026-09-24,40.06,2026-07-29,41.0,2026-09-11,38.66,4.5085854352577,2.463447586801464,-1.3662732078393347,-1.4894744931176178,0.2464025705565662,False,False,3.621314019658577,0.8154648735370315,1.85,0.602,102.3618897024731
688523,航天环宇科技,C,44.68,C,61.13,2,160.8,160.8,953.29970788,9.55276128,51.66142351553283,53.05075782507619,18.955358030087137,97.54969831466505,-25.090608260424176,7.8,20.0,20.0,20.0,100.0,2026-09-24,2026-09-23,39.74,2026-06-26,47.27,2026-09-14,40.0,2.550154907357644,0.5424880974257213,-0.8975171259881805,-0.992915780722372,0.1907973094683832,False,False,-0.649999999999995,0.9597646336175591,83.53,0.73,112.23849094678316
000158,常山北明,C,44.66,C,48.75,1,200.63,199.63,1538.005716,3.8239088,0.9665081206796636,17.68313133494429,14.048933368376781,66.42459003403762,-29.028407003914047,2.3,20.0,20.0,83.8,100.0,2026-09-24,2026-09-24,12.55,2026-06-29,12.48,2026-09-16,12.4,0.7234661912654285,0.1577659813864162,-0.1133076838896087,-0.0751304433233999,-0.0763544811324176,False,False,1.2096774193548416,0.7469869806129994,1.93,0.625,103.97934753358834
000688,国城矿业,C,44.59,C,20.59,1,295.56,295.55,24.58052529,8.73099585,1.0592513572096809,32.83552357978041,28.235204269568854,72.83379922782946,-24.045675899142182,32.0,21.0,92.7,91.5,100.0,2026-09-24,2026-09-24,24.94,2026-06-29,30.5,2026-09-16,25.35,0.8317754315399135,1.1036696334769245,-1.355985525928176,-1.2532591293228874,-0.2054527932105774,False,False,-1.617357001972387,1.0030544575236433,3.13,0.223,74.64590120358248
300040,九洲集团,C,44.39,C,19.22,1,36.22,29.3,168.65954022,1.39375457,2.404572807031964,6.965875434038031,53.9869021375856,42.86721662771676,-19.177423522539804,84.0,25.8,20.0,96.2,89.4,2026-09-24,2026-09-24,5.63,2026-06-11,6.24,2026-09-04,5.6,0.0823970497023252,0.1893929106090816,-0.0813195533363471,-0.0727950710094334,-0.0170489646538274,False,False,0.5357142857142903,0.7787192622867781,0.7,0.203,71.80312509805357
688100,威胜信息,C,44.29,C,31.95,3,121.59,121.59,21.57759852,3.37742472,33.27004927492475,33.98432634374212,29.70627627591812,52.19548445932014,-26.171848321424562,38.3,20.0,94.2,27.5,100.0,2026-09-24,2026-09-23,25.09,2026-08-24,24.97,2026-09-14,24.14,0.1912369168621097,0.8437498715043963,-0.6998381398566771,-0.83268236898885,0.2656884582643457,False,False,3.935376967688481,0.7209917025336721,41.04,0.242,77.01781284843214
688027,科大国盾量子,C,44.11,B,52.54,4,374.41,292.56,6233.43348862,11.62516313,317.5927848641302,511.853227957968,28.53696667254994,61.92391842675773,-28.885864127071457,32.8,20.0,20.0,20.0,95.5,2026-09-24,2026-09-24,364.0,2026-07-27,358.72,2026-09-11,339.9,20.08817499729105,5.113218887160542,-7.335250087188115,-11.057828695574765,7.445157216773296,True,False,7.0903206825537,1.5441499721385272,929.16,0.465,93.17625969191822
002915,中欣氟材,C,44.11,C,23.32,1,56.39,50.63,316.17999726,3.75709774,1.2210197351367924,21.45755395072229,42.080366034038086,50.07474142334601,-21.612686895125734,67.2,23.4,20.0,92.0,100.0,2026-09-24,2026-09-24,16.82,2026-06-26,18.48,2026-09-16,16.73,0.1888327864607291,0.1457736713058146,-0.1770130847011657,-0.0818838352477561,-0.190258498906819,False,False,0.5379557680812903,0.4474526907428451,0.62,0.262,78.53470808706355
605060,联德股份,C,43.95,C,30.51,2,94.77,94.1,36.75775509,3.64422928,0.9944575609919459,48.364749759902146,22.041798946108464,60.602368895470335,-18.55638622024436,13.7,26.4,70.5,84.8,100.0,2026-09-24,2026-09-24,39.39,2026-06-11,45.93,2026-09-11,36.98,1.6181174981274538,0.5748117616040758,-0.6436246030494317,-0.7727383136406298,0.2582274211823963,False,False,6.517036235803148,1.0725882709220471,0.94,0.293,81.94863938344112
000099,中信海直,C,43.94,C,32.97,2,100.0,100.0,35.63929051,1.80386092,0.5120073344612387,17.87298613242447,24.493317366477562,48.812888960277796,-27.879986564665494,21.5,20.0,71.2,67.6,100.0,2026-09-24,2026-09-24,12.89,2026-07-14,13.19,2026-09-16,12.79,0.4537750803220071,0.1392562841420512,-0.2771489531369067,-0.2506433161621711,-0.0530112739494711,False,False,0.7818608287724897,0.8078992886284382,0.51,0.328,85.31687576103688
300455,航天智装,C,43.76,C,23.75,3,121.59,119.72,-527.53373787,7.28354332,0.7254695010937893,25.64340609876332,47.850774225904516,59.26076584731308,-33.94013285615382,77.0,20.0,20.0,75.2,100.0,2026-09-24,2026-09-24,16.94,2026-08-25,16.78,2026-09-16,16.61,0.0477231024392921,0.1843411228221728,-0.3259786708111569,-0.371863559736692,0.0917697778510701,False,False,1.9867549668874285,1.0720196366896282,0.87,0.125,60.745127132566566
603279,景津装备,C,43.61,C,22.03,2,63.34,63.34,15.56291732,1.38927997,1.0005846908165372,15.107219688578878,24.601568881355,54.964394678087636,-27.253325055513113,21.9,20.0,92.8,91.3,100.0,2026-09-24,2026-09-24,10.99,2026-09-02,11.2,2026-09-16,10.98,0.042889494049854,0.2451492100492568,-0.2892406282705622,-0.3145009323305046,0.0505206081198849,False,False,0.0910746812386137,0.633173810228209,0.63,0.172,66.8951588259343
300762,上海瀚讯,C,43.49,C,26.41,2,171.69,165.78,-86.7411626,7.76047547,1.9499151937854347,37.613003553465646,36.72170148016573,62.702242797957034,-29.81150797363665,54.3,20.0,20.0,94.6,100.0,2026-09-24,2026-09-24,26.4,2026-08-25,26.47,2026-09-11,25.94,0.282130245628938,0.485283117920344,-0.8965049175135249,-1.009379382476869,0.2257489299266888,False,False,1.773323053199681,1.0240807125609963,3.23,0.234,76.48988629068835
688101,三达膜环境技术,C,43.44,C,11.64,2,48.27,48.27,13.16160441,1.07337276,47.161840196494545,17.14368446428006,67.89775833581278,35.737354435773234,-15.18742642344474,94.5,29.8,91.6,20.0,98.9,2026-09-24,2026-09-24,14.54,2026-08-21,14.21,2026-09-11,13.98,0.026310004320539,0.0121751972509905,-0.1802845223173754,-0.2368079526968326,0.1130468607589144,False,False,4.005722460658074,0.99082989506725,22.77,0.023,42.62578899045515
000935,四川双马,C,43.06,C,21.68,1,152.61,152.61,107.00503367,1.97026663,0.5440372771083343,25.063258365744456,50.50118124518357,45.95709343621508,-20.241814897772436,79.7,24.8,20.0,68.7,100.0,2026-09-24,2026-09-24,19.99,2026-07-30,20.9,2026-09-16,20.03,0.6384126235735152,0.3515777462140121,-0.6636766193926675,-0.6263621356121857,-0.0746289675609637,False,False,-0.1997004493260244,1.105750230874515,0.83,0.238,76.70805585529669
688005,容百科技,C,42.85,C,30.43,1,166.86,166.86,-1729.1736822,2.14666928,96.25894899550579,30.99035416307159,56.684834391868264,39.60748902910468,-24.653974984822568,87.5,20.3,20.0,20.0,100.0,2026-09-24,2026-09-24,23.35,2026-07-20,23.8,2026-09-11,22.5,1.0754410863921962,0.4777806879203159,-0.7484771866085538,-0.8064500140100597,0.1159456548030117,False,False,3.777777777777784,0.8594227126238296,160.62,0.363,87.33526808491031
300660,江苏雷利,C,42.57,C,24.3,3,137.36,137.27,64.39323408,3.89944896,0.7169220274773209,33.94882378228706,32.63684580417181,60.491766488489006,-29.511549049644604,46.1,20.0,52.3,74.9,100.0,2026-09-24,2026-09-23,23.93,2026-08-24,23.23,2026-09-11,22.41,0.0983426609254394,0.4741154694502584,-0.5843551838963243,-0.7118469695928247,0.2549835713930006,False,False,6.782686300758588,0.9796022180468356,1.0,0.133,61.756613899743726
600382,广东明珠,C,42.55,C,12.11,1,36.57,36.57,21.33153601,1.19837251,3.7909996827000345,7.679830111486903,31.997079029586228,43.072667029290564,-23.175383903672152,44.1,21.8,94.3,99.0,89.8,2026-09-24,2026-09-23,5.9,2026-06-11,8.01,2026-09-11,6.13,0.0303054265529931,0.009715827363413,-0.0922284281207179,-0.0431937333610542,-0.0980693895193274,False,False,-3.75203915171288,1.3729992588231,1.45,0.102,59.14604424594764
603505,金石资源,C,42.39,C,7.73,1,125.49,125.49,43.37159876,6.66125948,0.5990360961610206,18.82981086174744,55.09338864500123,38.051105828325866,-20.817048511679392,85.5,24.2,66.0,70.7,100.0,2026-09-24,2026-09-24,14.91,2026-08-21,14.97,2026-09-15,14.47,0.0747051621743573,0.0224316467049076,-0.242309006173448,-0.2836882117521873,0.0827584111574784,False,False,3.0407740152038665,0.8812043335852859,0.75,0.039,46.20729501211012
688629,四川华丰科技,C,42.33,C,34.06,2,546.92,538.44,153.97119381,18.61039315,260.5679349490795,132.1712731916691,41.07187516116885,83.15152282432857,-11.62981396825794,65.2,44.4,20.0,20.0,87.8,2026-09-24,2026-09-24,116.8,2026-07-30,119.58,2026-09-11,116.1,2.7289766465318053,11.077157359057187,-4.228151404588061,-4.328630787842292,0.200958766508462,False,False,0.6029285099052565,0.974100138704012,1403.0,0.344,85.87777996402802
002865,钧达股份,C,42.17,C,39.53,2,117.04,86.04,-8.32896111,3.09575051,1.9301074970890404,68.31505656084349,16.85702999219423,95.87475337972981,-44.96088872222145,6.2,20.0,20.0,94.5,100.0,2026-09-24,2026-09-24,37.6,2026-07-30,39.33,2026-09-11,36.02,4.528003986600332,0.1568583172255886,-1.2383026818672531,-1.5856554960330882,0.6947056283316697,False,False,4.386451971127146,1.0057977881565887,1.66,0.422,90.94186899380118
600984,建设机械,C,42.17,C,11.09,2,44.0,44.0,-1.95619523,2.81347247,1.3713681484917084,4.220801638131528,61.11656276474006,36.19889502539581,-18.025050768989015,91.0,27.0,20.0,92.5,95.8,2026-09-24,2026-09-23,3.46,2026-06-22,3.74,2026-09-16,3.42,0.0142261195638004,0.0176625016402725,-0.1257024509971702,-0.1056097672257515,-0.0401853675428375,False,False,1.1695906432748548,0.4513555394751839,0.6,0.016,40.04485272580207
002919,名臣健康,C,42.02,C,21.13,1,43.86,43.54,-246.08959035,5.55842005,1.2524971311449504,21.141610352470195,39.37686234449571,47.420797213822986,-22.04945732492667,62.9,23.0,20.0,92.1,95.7,2026-09-24,2026-09-24,16.48,2026-06-30,17.9,2026-09-16,16.15,0.6806003923231039,0.0029727868098315,-0.2799902259043563,-0.2316414586920546,-0.0966975344246032,False,False,2.0433436532507856,0.929604590834054,0.55,0.23,75.43917289549186
688063,派能科技,C,41.66,C,36.45,1,99.4,99.4,66.21779621,1.06746173,142.41668142699606,62.902968892052385,31.14056644207871,62.14059982693356,-35.59922414867397,41.0,20.0,51.1,20.0,100.0,2026-09-24,2026-09-24,40.51,2026-07-21,39.86,2026-09-11,39.25,3.505848867560914,0.1646629122672913,-0.8334712693330459,-0.9747971439826888,0.2826517492992857,False,False,3.210191082802543,0.9723577935124093,141.56,0.449,92.47693629239994
603131,上海沪工,C,41.46,C,28.95,3,47.13,47.13,-294.19470588,2.86267624,1.1494559243936653,23.503196049630418,29.355150521539414,72.95206693385789,-40.646370091358875,36.3,20.0,20.0,91.8,98.1,2026-09-24,2026-09-23,13.95,2026-06-29,16.11,2026-09-15,13.39,0.6286051026812416,0.0033530164889505,-0.298510506322593,-0.3229621104864975,0.0489032083278089,False,False,4.182225541448833,1.1562546856797935,0.54,0.199,70.09135418998197
688017,绿的谐波,C,41.29,C,33.79,2,521.28,521.28,369.54611539,14.45306894,167.7542629723293,303.3835870531249,28.974280968635952,88.0273459340901,-5.433249442804744,34.4,80.5,20.0,20.0,88.7,2026-09-24,2026-09-23,286.9,2026-07-21,278.88,2026-09-11,271.69,6.516381350791392,25.501643340704497,-8.063034521281054,-10.202405361015362,4.278741679468617,False,False,5.59829217122455,0.9600939906721034,882.34,0.34,85.46265592843298
601096,宏盛华源铁塔集团,C,41.27,C,9.1,1,105.94,65.06,29.72341783,2.21351156,1.6684961297934928,5.189963914791763,32.288020254648124,50.85397020184092,-23.698891456379478,44.5,21.3,90.1,93.6,100.0,2026-09-24,2026-09-24,3.96,2026-09-02,4.117,2026-09-16,4.037,0.005112125742678,0.0073670534957862,-0.0427597496514868,-0.0347564919576584,-0.0160065153876568,False,False,-1.907356948228882,1.0719346835188548,1.09,0.059,53.38579341327495
688615,合合信息,C,41.16,C,23.2,3,170.74,117.89,36.68073797,5.75070732,363.58683927131307,126.86726666465134,40.07278251702399,90.01883406660735,-28.47642864423545,64.5,20.0,70.5,20.0,100.0,2026-09-24,2026-09-23,90.74,2026-07-27,88.86,2026-09-11,86.02,1.6917710043608594,0.4349633884780814,-3.8732462132232826,-4.477888614044675,1.2092848016427844,False,False,5.487096024180422,1.3658785953957615,446.51,0.117,59.937204547458215
300317,珈伟新能,C,41.13,C,17.85,1,33.04,32.99,-18.51143649,2.33355276,3.1928666903390224,4.9068710090990635,41.9681230571702,46.71581332029638,-18.88924749357216,66.4,26.1,20.0,98.9,86.4,2026-09-24,2026-09-24,3.98,2026-09-07,4.06,2026-09-17,3.94,0.0165190474600098,0.0741250689954873,-0.0780344947490867,-0.0660841441139845,-0.0239007012702043,False,False,1.01522842639594,0.8547905833011711,1.05,0.184,67.87858557480479
000681,视觉中国,C,41.11,C,9.38,1,111.81,107.91,79.65999998,3.0511303,2.0494130785645432,22.431269633835033,46.239226614936555,59.80071035899679,-28.849323910198354,74.2,20.0,42.7,94.9,100.0,2026-09-24,2026-09-24,15.96,2026-08-27,16.084,2026-09-16,15.68,0.0819253694752788,0.085972780345737,-0.3230016897009378,-0.3097364794567214,-0.0265304204884327,False,False,1.785714285714293,0.6858784635865712,2.21,0.062,53.745778805434725
002353,杰瑞股份,C,41.09,C,8.28,1,1187.88,801.78,45.07711275,5.10159346,2.4050224748065308,119.11214337553213,27.849837761804192,87.94377876011946,-2.595993395722329,30.1,100.0,64.9,96.2,67.4,2026-09-24,2026-09-24,116.02,2026-07-30,125.581,2026-09-14,115.41,0.854987662235871,1.5419128622610003,-5.245364274111935,-5.24455706355158,-0.0016144211207116,False,False,0.5285503855818382,1.08240585857684,19.28,0.047,49.21953915706751
688607,康众数字医疗科技,C,40.41,B,50.0,3,33.45,33.45,-112.88431687,3.99210849,101.40835890540356,49.278371297598135,23.70682719931244,75.19573576316108,-20.878066840856803,18.8,24.1,20.0,20.0,86.8,2026-09-24,2026-09-23,38.99,2026-06-29,45.81,2026-09-11,36.66,2.076546197842092,0.9328801639975088,-0.8543595340112162,-0.9599681440310956,0.2112172200397586,False,False,6.355701036552115,0.759738926047918,34.85,0.5,95.65462175119204
688096,江苏京源环保,C,40.41,C,55.12,2,17.32,17.32,-24.95476146,2.08648451,232.86724963772986,9.960819298689392,24.083461291210718,65.67996436126917,-24.704988865857423,19.9,20.3,20.0,20.0,65.9,2026-09-24,2026-09-23,7.5,2026-07-08,8.3,2026-09-16,7.25,0.602354113341252,1.098910142710512,-0.3282921803006697,-0.3108387355991845,-0.0349068894029703,False,False,3.4482758620689653,1.0153947715090277,40.83,0.645,105.18234361477136
688295,中复神鹰碳纤维,C,40.05,C,45.27,2,327.69,327.69,212.21168338,6.88143303,59.156277777777774,47.869071907149795,25.873212029750587,68.9609305230181,-23.93836239268774,25.0,21.1,20.0,20.0,98.2,2026-09-24,2026-09-24,36.41,2026-08-25,37.13,2026-09-11,36.7,0.3652242469723035,0.2950123006838439,-0.7946137893761218,-0.8353935207320546,0.0815594627118656,False,False,-0.7901907356948399,1.2218921540196002,193.85,0.504,96.79367210180456
688435,英方软件,C,39.8,C,53.2,2,25.14,16.88,-104.26525467,2.33650014,287.6589147010205,41.70826808413338,22.383785095720096,73.82232777135667,-27.808078869967712,14.1,20.0,20.0,20.0,77.5,2026-09-24,2026-09-24,30.11,2026-06-29,28.95,2026-09-16,28.01,2.3916216747160384,0.3667803559617912,-0.1822496610341133,-0.0169833672847284,-0.3305325874987697,False,True,7.497322384862541,0.6694243873018666,48.55,0.617,103.83909919093168
002402,和而泰,C,39.5,C,22.23,1,169.63,150.35,30.87197787,2.34289147,1.4684562470125746,34.21802083580823,16.063782804818878,100.9303505537064,-46.3148377629828,5.1,20.0,74.4,92.9,100.0,2026-09-24,2026-09-24,18.37,2026-08-25,17.94,2026-09-11,17.61,0.1815212746633641,0.3460406553781621,-0.3782350539355548,-0.4977362005825059,0.2390022932939022,False,False,4.315729699034648,1.0420041971852605,2.21,0.246,77.27525144592569
601111,中国国航,C,39.24,C,28.59,2,1190.62,676.17,-52.90207468,1.98875725,0.5070333814252966,6.979805273827282,36.49798007879904,44.482523589998735,-16.759855439145166,53.9,28.2,20.0,67.4,67.3,2026-09-24,2026-09-24,5.81,2026-09-02,5.72,2026-09-16,5.68,0.0178128815871074,0.0150925589202051,-0.0175233395334206,-0.0336538943718534,0.0322611096768655,False,False,2.288732394366196,1.182808224688782,3.43,0.266,78.9280502200475
688303,大全能源,C,38.97,C,30.16,1,337.57,337.57,-21.39832202,0.903193,31.563153576583158,22.097124923523786,37.59655140880398,62.399725239756506,-28.36172101671035,57.0,20.0,20.0,30.9,97.6,2026-09-24,2026-09-24,15.83,2026-06-03,18.45,2026-09-03,16.42,0.5433631854497776,0.2488784731403706,-0.3996024520587262,-0.3823740939708365,-0.0344567161757795,False,False,-3.593179049939108,1.1486624677806647,106.55,0.359,87.12191111320588
300043,星辉娱乐,C,38.87,C,2.19,0,54.12,54.09,22.64444582,3.13080884,1.254781210202988,5.596261956437538,32.97825771844028,50.388614951118036,-22.269542886639325,46.9,22.7,93.7,92.1,100.0,2026-09-24,2026-09-24,4.35,2026-08-24,4.3,2026-09-16,4.21,0.0015351208591711,0.0476712131524089,-0.0616118617081493,-0.0543825523366922,-0.0144586187429142,False,False,3.3254156769596124,0.7279889867496833,0.68,0.031,45.9384290637452
000625,长安汽车,C,38.59,C,25.04,2,696.88,581.17,26.78847034,0.91649904,0.4854166750765881,9.097522665729732,17.345248710087084,59.04210359970177,-22.7262161546249,6.6,22.3,91.6,66.6,82.8,2026-09-24,2026-09-24,7.03,2026-08-19,7.02,2026-09-11,6.98,0.0102584489983694,0.1006714152103712,-0.0256349876869705,-0.0276045752656262,0.0039391751573113,False,False,0.7163323782234932,0.8946966453198303,2.82,0.215,74.09641542689079
002036,联创电子,C,38.49,C,28.52,1,65.15,65.02,-4.67551984,9.68527773,1.561895151180717,9.129985391701474,22.575358170154665,62.544690260982925,-32.53001252774167,15.6,20.0,20.0,93.2,100.0,2026-09-24,2026-09-24,6.16,2026-06-29,6.74,2026-09-16,6.06,0.2519394906333252,0.1742049926155191,-0.1872980395903445,-0.1689907933273968,-0.0366144925258953,False,False,1.650165016501659,0.8040271687396588,1.02,0.336,85.3993192460914
600877,电科芯片,C,38.13,C,13.48,1,140.9,140.9,626.26265748,5.65408306,0.6579061316287307,16.562778647712978,45.27344258891117,66.38122669865616,-28.15215216534228,71.9,20.0,20.0,72.8,100.0,2026-09-24,2026-09-24,11.9,2026-08-25,11.61,2026-09-11,11.36,0.0475425697254028,0.0426437094633528,-0.1403526732654469,-0.1978327380682473,0.1149601296056006,False,False,4.753521126760572,1.0782325899241765,0.93,0.121,60.3217632187246
002230,科大讯飞,C,37.98,C,21.76,2,920.48,839.2,105.26025383,4.030179,0.6322515535325843,48.67291476313351,39.080582890350186,45.667335768551425,-21.270381717462207,60.5,23.7,20.0,71.9,75.5,2026-09-24,2026-09-24,38.32,2026-08-24,38.67,2026-09-11,38.15,0.0509325211982059,0.6805341756049689,-0.5368411844035492,-0.5552970348179356,0.0369117008287727,False,False,0.445609436435129,0.8474650596589185,5.31,0.168,65.67951232478468
300584,海辰药业,C,37.96,C,19.77,1,36.29,24.84,80.70164485,3.38051594,2.258937832163123,43.29294978236593,27.483833494010845,71.91884442707612,-30.150289707638855,28.9,20.0,42.1,95.7,89.5,2026-09-24,2026-09-24,30.24,2026-06-11,29.79,2026-09-11,28.62,1.5673970998246602,0.0914687716782617,-0.486963038466758,-0.6277207375729985,0.2815153982124809,False,False,5.660377358490557,0.9014384933537968,0.56,0.211,72.79100633886323
301632,广东建科,C,37.76,C,20.94,2,54.66,24.01,46.22036111,1.9912961,2.6174498469908194,18.975206758422445,11.828945652519945,86.56974614369017,-31.17334548039582,1.6,20.0,64.1,96.9,100.0,2026-09-24,2026-09-24,13.06,2026-08-25,13.28,2026-09-11,12.71,0.0644276448959946,0.1733560647646979,-0.2460686277437176,-0.3120895011749788,0.1320417468625224,False,False,2.7537372147915,1.4093044862644144,0.63,0.156,64.7206779847407
688778,厦钨新能源,C,37.44,C,30.7,1,212.73,212.73,23.35058148,2.23673438,62.541049491853215,64.94913347279822,13.167614628085564,66.42731931879784,-33.28625389875705,2.0,20.0,93.3,20.0,100.0,2026-09-24,2026-09-23,43.33,2026-07-20,41.751,2026-09-11,40.731,2.964738910349375,0.1476530405922451,-0.7930092456118558,-0.8342126742317719,0.0824068572398322,False,False,6.380889248974973,0.8317221294779715,136.77,0.367,87.36884134383189
300682,朗新科技,C,37.42,C,30.39,4,94.24,90.37,-90.47222119,1.47905992,0.9190435288845047,14.459956187120751,19.40837687857197,69.06890813281821,-38.243243033102644,10.2,20.0,20.0,82.1,100.0,2026-09-24,2026-09-23,8.93,2026-08-24,9.1,2026-09-16,8.81,0.0106413654184613,0.4892444794349523,-0.3039290643212045,-0.3372646900018802,0.0666712513613515,False,False,1.3620885357548151,0.9713930157045102,0.85,0.148,63.65467235207743
600115,中国东航,C,37.29,C,14.92,2,739.94,570.34,-31.07682396,7.40754008,0.9244347990679876,4.270205514961577,41.69787928258512,58.35787744810652,-21.549443270059033,65.6,23.5,20.0,82.3,81.6,2026-09-24,2026-09-24,3.35,2026-08-21,3.43,2026-09-16,3.29,0.0082236178797798,0.0139142462372167,-0.0424497583013181,-0.0477659374729116,0.0106323583431869,False,False,1.823708206686932,1.002467964663819,5.27,0.07,54.48557207289224
002459,晶澳科技,C,36.93,C,31.52,1,221.75,221.55,-4.72708466,1.15219125,0.6279562705975658,10.426534075552826,19.890588277631196,69.4375952849064,-35.7408708258141,10.5,20.0,20.0,71.7,100.0,2026-09-24,2026-09-24,6.7,2026-07-20,6.79,2026-09-16,6.48,0.268171747099438,0.0813351908058533,-0.1367255756642631,-0.1728689478353494,0.0722867443421725,False,False,3.3950617283950573,0.9858571891262332,1.39,0.379,87.96342679784311
301232,飞沃科技,C,36.13,C,21.02,3,94.25,56.03,771.99149245,6.74579675,4.662797063795822,118.80300489758599,24.216099825674682,117.49724287500294,-24.64837057179604,20.3,20.4,20.0,95.9,100.0,2026-09-24,2026-09-24,89.52,2026-08-25,90.34,2026-09-16,88.88,0.8956715241387627,0.7065155760750468,-4.437184010887194,-4.789623731551382,0.7048794413283765,False,False,0.7200720072007207,0.9066926224571844,2.61,0.086,57.237664211862175
600118,中国卫星,C,36.05,C,26.48,3,684.78,684.78,680.60124012,10.69197558,2.2819575420454075,77.04833571811969,22.48113712643395,86.59489934762512,-24.839388858621213,14.8,20.2,20.0,95.7,83.2,2026-09-24,2026-09-24,57.91,2026-06-26,68.668,2026-09-11,56.65,2.046815799444325,0.0434186058819641,-1.2605535037638234,-1.5793276329714845,0.6375482584153223,False,False,2.224183583406881,1.207790942235862,15.63,0.164,65.17383576807195
688408,中信博新能源,C,34.91,C,39.61,3,49.73,49.73,-13.37673897,1.27974522,166.53213636376046,36.817005075551286,17.841062422801087,71.20669448503992,-37.06712441043641,7.4,20.0,20.0,20.0,99.8,2026-09-24,2026-09-23,23.17,2026-07-20,23.68,2026-09-11,21.78,1.0954768515330071,0.4296857605861239,-0.7882270866638841,-0.9219460516034704,0.2674379298791727,False,False,6.3820018365472935,0.7047379299680593,84.53,0.352,86.57246803544223
600009,上海机场,C,34.18,C,9.65,1,558.88,557.06,24.41972752,1.29588543,0.2802615595001286,26.665200514241157,24.320721232120928,38.299206836951285,-15.770368994582562,20.7,29.2,92.8,58.0,87.3,2026-09-24,2026-09-24,22.46,2026-08-24,22.59,2026-09-17,22.36,0.0261763101129162,0.128059615772616,-0.1722999015473334,-0.126426786388074,-0.0917462303185187,False,False,0.4472271914132443,0.7653628384398964,1.56,0.066,54.15786693503637
688148,芳源股份,C,33.89,C,11.91,2,30.0,30.0,33.07826503,8.12638626,272.31344184695695,8.48248273181412,38.88321562737774,61.440605121246996,-29.737552218684506,59.4,20.0,72.9,20.0,83.3,2026-09-24,2026-09-23,5.96,2026-08-21,6.11,2026-09-11,5.69,0.003804563043773,0.0069391976414708,-0.1626768679006067,-0.1972922225676063,0.0692307093339992,False,False,4.745166959578199,0.9211589755566216,82.8,0.027,43.60340115920683
688229,博睿宏远数据,C,33.88,C,27.7,1,26.89,26.89,-25.30838782,7.87301847,76.01351351351352,82.04949389040694,34.00002976843531,53.96628095035892,-26.178703696938065,49.6,20.0,20.0,20.0,79.7,2026-09-24,2026-09-24,60.57,2026-06-29,71.88,2026-09-11,58.0,1.7762882314651094,1.7174620353292438,-1.5845585481772415,-1.7169780649034214,0.2648390334523594,False,False,4.431034482758621,0.7490682393849658,20.44,0.324,84.98012540169226
300251,光线传媒,C,33.83,C,17.58,1,322.99,303.12,-61.61491539,3.39693745,0.6732890142448172,15.5736204795463,28.111868930393268,86.92075627286708,-29.303529552039333,31.6,20.0,20.0,73.3,98.5,2026-09-24,2026-09-24,11.01,2026-07-27,11.07,2026-09-16,10.75,0.0458134934983611,0.1011916095198193,-0.1054050045389658,-0.1037537311551921,-0.0033025467675474,False,False,2.4186046511627888,0.5876889999174683,2.04,0.18,67.69677895716241
688258,江苏卓易信息科技,C,32.63,C,19.57,2,106.77,106.77,67.21617474,10.75943432,210.4374215906216,114.4711282893364,27.89731986183251,72.13730151685137,-23.002418760809306,30.5,22.0,50.5,20.0,100.0,2026-09-24,2026-09-24,88.14,2026-08-25,88.18,2026-09-11,86.13,0.2772669648333306,1.517268013943556,-3.0348522382553256,-3.510546437191069,0.9513883978714864,False,False,2.3336816440264774,1.1579611236714047,224.69,0.137,62.2215214919074
000818,航锦科技,C,31.97,C,17.93,2,78.28,78.06,-66.92779982,3.57302495,1.2007995503706217,16.937322532963023,15.685061621475743,70.45433769369248,-29.97712609582569,4.7,20.0,20.0,92.0,100.0,2026-09-24,2026-09-24,11.86,2026-08-25,11.55,2026-09-16,11.33,0.0283137650416627,0.2364869674036341,-0.1944163841347901,-0.2387000256720173,0.0885672830744545,False,False,4.677846425419236,1.1904668958855709,0.94,0.113,59.47040633861734
688387,中信科移动,C,25.42,C,13.01,2,420.85,248.27,-173.88034891,7.06806146,133.41971537560025,15.252536483986605,25.751538277926368,91.84267994389505,-19.292112410784434,24.6,25.7,20.0,20.0,93.1,2026-09-24,2026-09-24,12.31,2026-08-25,11.95,2026-09-11,11.79,0.0945030910647819,0.0010849671926151,-0.2908354762215293,-0.3619131724113347,0.1421553923796109,False,False,4.410517387616636,0.8706320330882024,331.23,0.043,46.82213212781856
688347,华虹宏力半导体,C,23.9,C,23.67,2,4321.76,913.77,616.38917382,9.13966097,229.65763335377068,203.25159155948637,6.896317880116223,119.37239889548114,10.257439206527375,0.4,50.3,20.0,20.0,41.6,2026-09-24,2026-09-24,224.1,2026-08-25,219.17,2026-09-15,208.02,3.0556423022894137,3.0804729650864004,-7.34205942622205,-9.525501584776755,4.36688431710941,False,False,7.730025959042392,1.0625887418775115,2098.54,0.195,69.7958571419993
